student_id,question_id,question,student_answer,correct_answer,subject,topic,subtopic,concept,result,is_correct,error_type,misconception
S001,Q01,Solve for x: 2x + 4 = 10,x = 7,x = 3,Mathematics,Algebra,Linear Equations,Linear Equations,incorrect,0,Arithmetic error,Arithmetic error
S001,Q02,Solve for x: 3x - 6 = 9,x = 5,x = 5,Mathematics,Algebra,Linear Equations,Linear Equations,correct,1,,
S001,Q03,Solve for x: x/2 + 3 = 7,x = 8,x = 8,Mathematics,Algebra,Linear Equations,Linear Equations,correct,1,,
S001,Q04,Solve for x: 5x = 25,x = 125,x = 5,Mathematics,Algebra,Linear Equations,Linear Equations,incorrect,0,Division error,Division error
S001,Q05,Factor: x² + 5x + 6,(x+1)(x+6),(x+2)(x+3),Mathematics,Algebra,Factorization,Factorization,incorrect,0,Incorrect factor-pair selection,Incorrect factor-pair selection
S001,Q06,Factor: x² + 7x + 12,(x+1)(x+12),(x+3)(x+4),Mathematics,Algebra,Factorization,Factorization,incorrect,0,Incorrect factor-pair selection,Incorrect factor-pair selection
S001,Q07,Factor: x² - 9,(x+3)(x-3),(x+3)(x-3),Mathematics,Algebra,Factorization,Factorization,correct,1,,
S001,Q08,Factor: 2x² + 6x,2x(x+3),2x(x+3),Mathematics,Algebra,Factorization,Factorization,correct,1,,
S001,Q09,Solve: x² - 5x + 6 = 0,"x = -2, x = -3","x = 2, x = 3",Mathematics,Algebra,Quadratic Equations,Quadratic Equations,incorrect,0,Sign error in roots,Sign error in roots
S001,Q10,What is the discriminant of x² + 4x + 4 = 0?,16,0,Mathematics,Algebra,Quadratic Equations,Quadratic Equations,incorrect,0,Discriminant formula error,Discriminant formula error
S001,Q11,Solve: x² = 16,x = 8,"x = 4, x = -4",Mathematics,Algebra,Quadratic Equations,Quadratic Equations,incorrect,0,Missing negative root,Missing negative root
S001,Q12,Solve using quadratic formula: x² - 3x - 10 = 0,"x = 5, x = -2","x = 5, x = -2",Mathematics,Algebra,Quadratic Equations,Quadratic Equations,correct,1,,
S001,Q13,"If f(x) = 2x + 1, find f(3)",7,7,Mathematics,Functions,Functions,Functions,correct,1,,
S001,Q14,What is the domain of f(x) = 1/x?,x ≥ 0,All real numbers except 0,Mathematics,Functions,Functions,Functions,incorrect,0,Domain restriction oversight,Domain restriction oversight
S001,Q15,"If f(x) = x² and g(x) = x+1, find f(g(2))",9,9,Mathematics,Functions,Functions,Functions,correct,1,,
S001,Q16,Find the y-intercept of f(x) = 3x - 6,6,-6,Mathematics,Functions,Functions,Functions,incorrect,0,Intercept identification error,Intercept identification error
S001,Q17,Solve: 2x + 3 > 7,x > 2,x > 2,Mathematics,Algebra,Inequalities,Inequalities,correct,1,,
S001,Q18,Solve: -3x < 9,x < -3,x > -3,Mathematics,Algebra,Inequalities,Inequalities,incorrect,0,Sign flip with negative division,Sign flip with negative division
S001,Q19,Solve: |x| ≤ 5,x ≤ 5,-5 ≤ x ≤ 5,Mathematics,Algebra,Inequalities,Inequalities,incorrect,0,Absolute value misunderstanding,Absolute value misunderstanding
S001,Q20,Graph the solution: x ≥ -2,"Open circle at -2, shade right","Closed circle at -2, shade right",Mathematics,Algebra,Inequalities,Inequalities,incorrect,0,Inequality symbol confusion,Inequality symbol confusion
S002,Q01,Solve for x: 2x + 4 = 10,x = 3,x = 3,Mathematics,Algebra,Linear Equations,Linear Equations,correct,1,,
S002,Q02,Solve for x: 3x - 6 = 9,x = 1,x = 5,Mathematics,Algebra,Linear Equations,Linear Equations,incorrect,0,Sign error,Sign error
S002,Q03,Solve for x: x/2 + 3 = 7,x = 8,x = 8,Mathematics,Algebra,Linear Equations,Linear Equations,correct,1,,
S002,Q04,Solve for x: 5x = 25,x = 5,x = 5,Mathematics,Algebra,Linear Equations,Linear Equations,correct,1,,
S002,Q05,Factor: x² + 5x + 6,(x+1)(x+6),(x+2)(x+3),Mathematics,Algebra,Factorization,Factorization,incorrect,0,Incorrect factor-pair selection,Incorrect factor-pair selection
S002,Q06,Factor: x² + 7x + 12,(x+3)(x+4),(x+3)(x+4),Mathematics,Algebra,Factorization,Factorization,correct,1,,
S002,Q07,Factor: x² - 9,(x+3)(x-3),(x+3)(x-3),Mathematics,Algebra,Factorization,Factorization,correct,1,,
S002,Q08,Factor: 2x² + 6x,x(2x+6),2x(x+3),Mathematics,Algebra,Factorization,Factorization,incorrect,0,Incomplete factoring,Incomplete factoring
S002,Q09,Solve: x² - 5x + 6 = 0,"x = -2, x = -3","x = 2, x = 3",Mathematics,Algebra,Quadratic Equations,Quadratic Equations,incorrect,0,Sign error in roots,Sign error in roots
S002,Q10,What is the discriminant of x² + 4x + 4 = 0?,8,0,Mathematics,Algebra,Quadratic Equations,Quadratic Equations,incorrect,0,Discriminant formula error,Discriminant formula error
S002,Q11,Solve: x² = 16,x = 256,"x = 4, x = -4",Mathematics,Algebra,Quadratic Equations,Quadratic Equations,incorrect,0,Missing negative root,Missing negative root
S002,Q12,Solve using quadratic formula: x² - 3x - 10 = 0,"x = 5, x = -2","x = 5, x = -2",Mathematics,Algebra,Quadratic Equations,Quadratic Equations,correct,1,,
S002,Q13,"If f(x) = 2x + 1, find f(3)",7,7,Mathematics,Functions,Functions,Functions,correct,1,,
S002,Q14,What is the domain of f(x) = 1/x?,x > 0,All real numbers except 0,Mathematics,Functions,Functions,Functions,incorrect,0,Domain restriction oversight,Domain restriction oversight
S002,Q15,"If f(x) = x² and g(x) = x+1, find f(g(2))",9,9,Mathematics,Functions,Functions,Functions,correct,1,,
S002,Q16,Find the y-intercept of f(x) = 3x - 6,-6,-6,Mathematics,Functions,Functions,Functions,correct,1,,
S002,Q17,Solve: 2x + 3 > 7,x > 2,x > 2,Mathematics,Algebra,Inequalities,Inequalities,correct,1,,
S002,Q18,Solve: -3x < 9,x < -3,x > -3,Mathematics,Algebra,Inequalities,Inequalities,incorrect,0,Sign flip with negative division,Sign flip with negative division
S002,Q19,Solve: |x| ≤ 5,-5 ≤ x ≤ 5,-5 ≤ x ≤ 5,Mathematics,Algebra,Inequalities,Inequalities,correct,1,,
S002,Q20,Graph the solution: x ≥ -2,"Closed circle at -2, shade right","Closed circle at -2, shade right",Mathematics,Algebra,Inequalities,Inequalities,correct,1,,
S003,Q01,Solve for x: 2x + 4 = 10,x = 3,x = 3,Mathematics,Algebra,Linear Equations,Linear Equations,correct,1,,
S003,Q02,Solve for x: 3x - 6 = 9,x = 15,x = 5,Mathematics,Algebra,Linear Equations,Linear Equations,incorrect,0,Sign error,Sign error
S003,Q03,Solve for x: x/2 + 3 = 7,x = 4,x = 8,Mathematics,Algebra,Linear Equations,Linear Equations,incorrect,0,Order of operations,Order of operations
S003,Q04,Solve for x: 5x = 25,x = 5,x = 5,Mathematics,Algebra,Linear Equations,Linear Equations,correct,1,,
S003,Q05,Factor: x² + 5x + 6,(x+2)(x+3),(x+2)(x+3),Mathematics,Algebra,Factorization,Factorization,correct,1,,
S003,Q06,Factor: x² + 7x + 12,(x+2)(x+6),(x+3)(x+4),Mathematics,Algebra,Factorization,Factorization,incorrect,0,Incorrect factor-pair selection,Incorrect factor-pair selection
S003,Q07,Factor: x² - 9,(x-3)(x-3),(x+3)(x-3),Mathematics,Algebra,Factorization,Factorization,incorrect,0,Difference of squares confusion,Difference of squares confusion
S003,Q08,Factor: 2x² + 6x,2(x²+3x),2x(x+3),Mathematics,Algebra,Factorization,Factorization,incorrect,0,Incomplete factoring,Incomplete factoring
S003,Q09,Solve: x² - 5x + 6 = 0,"x = 2, x = 3","x = 2, x = 3",Mathematics,Algebra,Quadratic Equations,Quadratic Equations,correct,1,,
S003,Q10,What is the discriminant of x² + 4x + 4 = 0?,8,0,Mathematics,Algebra,Quadratic Equations,Quadratic Equations,incorrect,0,Discriminant formula error,Discriminant formula error
S003,Q11,Solve: x² = 16,x = 4,"x = 4, x = -4",Mathematics,Algebra,Quadratic Equations,Quadratic Equations,incorrect,0,Missing negative root,Missing negative root
S003,Q12,Solve using quadratic formula: x² - 3x - 10 = 0,"x = 10, x = -1","x = 5, x = -2",Mathematics,Algebra,Quadratic Equations,Quadratic Equations,incorrect,0,Formula application error,Formula application error
S003,Q13,"If f(x) = 2x + 1, find f(3)",6,7,Mathematics,Functions,Functions,Functions,incorrect,0,Substitution error,Substitution error
S003,Q14,What is the domain of f(x) = 1/x?,x > 0,All real numbers except 0,Mathematics,Functions,Functions,Functions,incorrect,0,Domain restriction oversight,Domain restriction oversight
S003,Q15,"If f(x) = x² and g(x) = x+1, find f(g(2))",9,9,Mathematics,Functions,Functions,Functions,correct,1,,
S003,Q16,Find the y-intercept of f(x) = 3x - 6,-6,-6,Mathematics,Functions,Functions,Functions,correct,1,,
S003,Q17,Solve: 2x + 3 > 7,x > 5,x > 2,Mathematics,Algebra,Inequalities,Inequalities,incorrect,0,Arithmetic error,Arithmetic error
S003,Q18,Solve: -3x < 9,x > 3,x > -3,Mathematics,Algebra,Inequalities,Inequalities,incorrect,0,Sign flip with negative division,Sign flip with negative division
S003,Q19,Solve: |x| ≤ 5,x ≤ 5,-5 ≤ x ≤ 5,Mathematics,Algebra,Inequalities,Inequalities,incorrect,0,Absolute value misunderstanding,Absolute value misunderstanding
S003,Q20,Graph the solution: x ≥ -2,"Open circle at -2, shade right","Closed circle at -2, shade right",Mathematics,Algebra,Inequalities,Inequalities,incorrect,0,Inequality symbol confusion,Inequality symbol confusion
S004,Q01,Solve for x: 2x + 4 = 10,x = 3,x = 3,Mathematics,Algebra,Linear Equations,Linear Equations,correct,1,,
S004,Q02,Solve for x: 3x - 6 = 9,x = 15,x = 5,Mathematics,Algebra,Linear Equations,Linear Equations,incorrect,0,Sign error,Sign error
S004,Q03,Solve for x: x/2 + 3 = 7,x = 8,x = 8,Mathematics,Algebra,Linear Equations,Linear Equations,correct,1,,
S004,Q04,Solve for x: 5x = 25,x = 125,x = 5,Mathematics,Algebra,Linear Equations,Linear Equations,incorrect,0,Division error,Division error
S004,Q05,Factor: x² + 5x + 6,(x+1)(x+6),(x+2)(x+3),Mathematics,Algebra,Factorization,Factorization,incorrect,0,Incorrect factor-pair selection,Incorrect factor-pair selection
S004,Q06,Factor: x² + 7x + 12,(x+1)(x+12),(x+3)(x+4),Mathematics,Algebra,Factorization,Factorization,incorrect,0,Incorrect factor-pair selection,Incorrect factor-pair selection
S004,Q07,Factor: x² - 9,(x-3)(x-3),(x+3)(x-3),Mathematics,Algebra,Factorization,Factorization,incorrect,0,Difference of squares confusion,Difference of squares confusion
S004,Q08,Factor: 2x² + 6x,2x(x+3),2x(x+3),Mathematics,Algebra,Factorization,Factorization,correct,1,,
S004,Q09,Solve: x² - 5x + 6 = 0,"x = -2, x = -3","x = 2, x = 3",Mathematics,Algebra,Quadratic Equations,Quadratic Equations,incorrect,0,Sign error in roots,Sign error in roots
S004,Q10,What is the discriminant of x² + 4x + 4 = 0?,0,0,Mathematics,Algebra,Quadratic Equations,Quadratic Equations,correct,1,,
S004,Q11,Solve: x² = 16,"x = 4, x = -4","x = 4, x = -4",Mathematics,Algebra,Quadratic Equations,Quadratic Equations,correct,1,,
S004,Q12,Solve using quadratic formula: x² - 3x - 10 = 0,"x = 5, x = 2","x = 5, x = -2",Mathematics,Algebra,Quadratic Equations,Quadratic Equations,incorrect,0,Formula application error,Formula application error
S004,Q13,"If f(x) = 2x + 1, find f(3)",7,7,Mathematics,Functions,Functions,Functions,correct,1,,
S004,Q14,What is the domain of f(x) = 1/x?,x ≥ 0,All real numbers except 0,Mathematics,Functions,Functions,Functions,incorrect,0,Domain restriction oversight,Domain restriction oversight
S004,Q15,"If f(x) = x² and g(x) = x+1, find f(g(2))",5,9,Mathematics,Functions,Functions,Functions,incorrect,0,Composition order error,Composition order error
S004,Q16,Find the y-intercept of f(x) = 3x - 6,3,-6,Mathematics,Functions,Functions,Functions,incorrect,0,Intercept identification error,Intercept identification error
S004,Q17,Solve: 2x + 3 > 7,x < 2,x > 2,Mathematics,Algebra,Inequalities,Inequalities,incorrect,0,Arithmetic error,Arithmetic error
S004,Q18,Solve: -3x < 9,x > -3,x > -3,Mathematics,Algebra,Inequalities,Inequalities,correct,1,,
S004,Q19,Solve: |x| ≤ 5,x = 5,-5 ≤ x ≤ 5,Mathematics,Algebra,Inequalities,Inequalities,incorrect,0,Absolute value misunderstanding,Absolute value misunderstanding
S004,Q20,Graph the solution: x ≥ -2,"Closed circle at -2, shade left","Closed circle at -2, shade right",Mathematics,Algebra,Inequalities,Inequalities,incorrect,0,Inequality symbol confusion,Inequality symbol confusion
S005,Q01,Solve for x: 2x + 4 = 10,x = 2,x = 3,Mathematics,Algebra,Linear Equations,Linear Equations,incorrect,0,Arithmetic error,Arithmetic error
S005,Q02,Solve for x: 3x - 6 = 9,x = 15,x = 5,Mathematics,Algebra,Linear Equations,Linear Equations,incorrect,0,Sign error,Sign error
S005,Q03,Solve for x: x/2 + 3 = 7,x = 8,x = 8,Mathematics,Algebra,Linear Equations,Linear Equations,correct,1,,
S005,Q04,Solve for x: 5x = 25,x = 125,x = 5,Mathematics,Algebra,Linear Equations,Linear Equations,incorrect,0,Division error,Division error
S005,Q05,Factor: x² + 5x + 6,(x+1)(x+6),(x+2)(x+3),Mathematics,Algebra,Factorization,Factorization,incorrect,0,Incorrect factor-pair selection,Incorrect factor-pair selection
S005,Q06,Factor: x² + 7x + 12,(x+4)(x+4),(x+3)(x+4),Mathematics,Algebra,Factorization,Factorization,incorrect,0,Incorrect factor-pair selection,Incorrect factor-pair selection
S005,Q07,Factor: x² - 9,(x-3)(x-3),(x+3)(x-3),Mathematics,Algebra,Factorization,Factorization,incorrect,0,Difference of squares confusion,Difference of squares confusion
S005,Q08,Factor: 2x² + 6x,2x(x+6),2x(x+3),Mathematics,Algebra,Factorization,Factorization,incorrect,0,Incomplete factoring,Incomplete factoring
S005,Q09,Solve: x² - 5x + 6 = 0,"x = 2, x = -3","x = 2, x = 3",Mathematics,Algebra,Quadratic Equations,Quadratic Equations,incorrect,0,Sign error in roots,Sign error in roots
S005,Q10,What is the discriminant of x² + 4x + 4 = 0?,16,0,Mathematics,Algebra,Quadratic Equations,Quadratic Equations,incorrect,0,Discriminant formula error,Discriminant formula error
S005,Q11,Solve: x² = 16,x = 4,"x = 4, x = -4",Mathematics,Algebra,Quadratic Equations,Quadratic Equations,incorrect,0,Missing negative root,Missing negative root
S005,Q12,Solve using quadratic formula: x² - 3x - 10 = 0,"x = 5, x = 2","x = 5, x = -2",Mathematics,Algebra,Quadratic Equations,Quadratic Equations,incorrect,0,Formula application error,Formula application error
S005,Q13,"If f(x) = 2x + 1, find f(3)",7,7,Mathematics,Functions,Functions,Functions,correct,1,,
S005,Q14,What is the domain of f(x) = 1/x?,All real numbers,All real numbers except 0,Mathematics,Functions,Functions,Functions,incorrect,0,Domain restriction oversight,Domain restriction oversight
S005,Q15,"If f(x) = x² and g(x) = x+1, find f(g(2))",5,9,Mathematics,Functions,Functions,Functions,incorrect,0,Composition order error,Composition order error
S005,Q16,Find the y-intercept of f(x) = 3x - 6,2,-6,Mathematics,Functions,Functions,Functions,incorrect,0,Intercept identification error,Intercept identification error
S005,Q17,Solve: 2x + 3 > 7,x > 5,x > 2,Mathematics,Algebra,Inequalities,Inequalities,incorrect,0,Arithmetic error,Arithmetic error
S005,Q18,Solve: -3x < 9,x > -3,x > -3,Mathematics,Algebra,Inequalities,Inequalities,correct,1,,
S005,Q19,Solve: |x| ≤ 5,-5 ≤ x ≤ 5,-5 ≤ x ≤ 5,Mathematics,Algebra,Inequalities,Inequalities,correct,1,,
S005,Q20,Graph the solution: x ≥ -2,"Closed circle at -2, shade left","Closed circle at -2, shade right",Mathematics,Algebra,Inequalities,Inequalities,incorrect,0,Inequality symbol confusion,Inequality symbol confusion
S006,Q01,Solve for x: 2x + 4 = 10,x = 3,x = 3,Mathematics,Algebra,Linear Equations,Linear Equations,correct,1,,
S006,Q02,Solve for x: 3x - 6 = 9,x = 3,x = 5,Mathematics,Algebra,Linear Equations,Linear Equations,incorrect,0,Sign error,Sign error
S006,Q03,Solve for x: x/2 + 3 = 7,x = 8,x = 8,Mathematics,Algebra,Linear Equations,Linear Equations,correct,1,,
S006,Q04,Solve for x: 5x = 25,x = 5,x = 5,Mathematics,Algebra,Linear Equations,Linear Equations,correct,1,,
S006,Q05,Factor: x² + 5x + 6,(x+2)(x+2),(x+2)(x+3),Mathematics,Algebra,Factorization,Factorization,incorrect,0,Incorrect factor-pair selection,Incorrect factor-pair selection
S006,Q06,Factor: x² + 7x + 12,(x+3)(x+4),(x+3)(x+4),Mathematics,Algebra,Factorization,Factorization,correct,1,,
S006,Q07,Factor: x² - 9,(x+3)(x-3),(x+3)(x-3),Mathematics,Algebra,Factorization,Factorization,correct,1,,
S006,Q08,Factor: 2x² + 6x,2(x²+3x),2x(x+3),Mathematics,Algebra,Factorization,Factorization,incorrect,0,Incomplete factoring,Incomplete factoring
S006,Q09,Solve: x² - 5x + 6 = 0,"x = 2, x = 3","x = 2, x = 3",Mathematics,Algebra,Quadratic Equations,Quadratic Equations,correct,1,,
S006,Q10,What is the discriminant of x² + 4x + 4 = 0?,0,0,Mathematics,Algebra,Quadratic Equations,Quadratic Equations,correct,1,,
S006,Q11,Solve: x² = 16,"x = 4, x = -4","x = 4, x = -4",Mathematics,Algebra,Quadratic Equations,Quadratic Equations,correct,1,,
S006,Q12,Solve using quadratic formula: x² - 3x - 10 = 0,"x = -5, x = 2","x = 5, x = -2",Mathematics,Algebra,Quadratic Equations,Quadratic Equations,incorrect,0,Formula application error,Formula application error
S006,Q13,"If f(x) = 2x + 1, find f(3)",7,7,Mathematics,Functions,Functions,Functions,correct,1,,
S006,Q14,What is the domain of f(x) = 1/x?,All real numbers,All real numbers except 0,Mathematics,Functions,Functions,Functions,incorrect,0,Domain restriction oversight,Domain restriction oversight
S006,Q15,"If f(x) = x² and g(x) = x+1, find f(g(2))",9,9,Mathematics,Functions,Functions,Functions,correct,1,,
S006,Q16,Find the y-intercept of f(x) = 3x - 6,6,-6,Mathematics,Functions,Functions,Functions,incorrect,0,Intercept identification error,Intercept identification error
S006,Q17,Solve: 2x + 3 > 7,x > 2,x > 2,Mathematics,Algebra,Inequalities,Inequalities,correct,1,,
S006,Q18,Solve: -3x < 9,x < 3,x > -3,Mathematics,Algebra,Inequalities,Inequalities,incorrect,0,Sign flip with negative division,Sign flip with negative division
S006,Q19,Solve: |x| ≤ 5,-5 ≤ x ≤ 5,-5 ≤ x ≤ 5,Mathematics,Algebra,Inequalities,Inequalities,correct,1,,
S006,Q20,Graph the solution: x ≥ -2,"Open circle at -2, shade right","Closed circle at -2, shade right",Mathematics,Algebra,Inequalities,Inequalities,incorrect,0,Inequality symbol confusion,Inequality symbol confusion
S007,Q01,Solve for x: 2x + 4 = 10,x = 5,x = 3,Mathematics,Algebra,Linear Equations,Linear Equations,incorrect,0,Arithmetic error,Arithmetic error
S007,Q02,Solve for x: 3x - 6 = 9,x = 5,x = 5,Mathematics,Algebra,Linear Equations,Linear Equations,correct,1,,
S007,Q03,Solve for x: x/2 + 3 = 7,x = 8,x = 8,Mathematics,Algebra,Linear Equations,Linear Equations,correct,1,,
S007,Q04,Solve for x: 5x = 25,x = 5,x = 5,Mathematics,Algebra,Linear Equations,Linear Equations,correct,1,,
S007,Q05,Factor: x² + 5x + 6,(x+1)(x+6),(x+2)(x+3),Mathematics,Algebra,Factorization,Factorization,incorrect,0,Incorrect factor-pair selection,Incorrect factor-pair selection
S007,Q06,Factor: x² + 7x + 12,(x+2)(x+6),(x+3)(x+4),Mathematics,Algebra,Factorization,Factorization,incorrect,0,Incorrect factor-pair selection,Incorrect factor-pair selection
S007,Q07,Factor: x² - 9,(x+3)(x-3),(x+3)(x-3),Mathematics,Algebra,Factorization,Factorization,correct,1,,
S007,Q08,Factor: 2x² + 6x,x(2x+6),2x(x+3),Mathematics,Algebra,Factorization,Factorization,incorrect,0,Incomplete factoring,Incomplete factoring
S007,Q09,Solve: x² - 5x + 6 = 0,"x = 2, x = 3","x = 2, x = 3",Mathematics,Algebra,Quadratic Equations,Quadratic Equations,correct,1,,
S007,Q10,What is the discriminant of x² + 4x + 4 = 0?,0,0,Mathematics,Algebra,Quadratic Equations,Quadratic Equations,correct,1,,
S007,Q11,Solve: x² = 16,"x = 4, x = -4","x = 4, x = -4",Mathematics,Algebra,Quadratic Equations,Quadratic Equations,correct,1,,
S007,Q12,Solve using quadratic formula: x² - 3x - 10 = 0,"x = 5, x = -2","x = 5, x = -2",Mathematics,Algebra,Quadratic Equations,Quadratic Equations,correct,1,,
S007,Q13,"If f(x) = 2x + 1, find f(3)",9,7,Mathematics,Functions,Functions,Functions,incorrect,0,Substitution error,Substitution error
S007,Q14,What is the domain of f(x) = 1/x?,x ≥ 0,All real numbers except 0,Mathematics,Functions,Functions,Functions,incorrect,0,Domain restriction oversight,Domain restriction oversight
S007,Q15,"If f(x) = x² and g(x) = x+1, find f(g(2))",6,9,Mathematics,Functions,Functions,Functions,incorrect,0,Composition order error,Composition order error
S007,Q16,Find the y-intercept of f(x) = 3x - 6,-6,-6,Mathematics,Functions,Functions,Functions,correct,1,,
S007,Q17,Solve: 2x + 3 > 7,x > 5,x > 2,Mathematics,Algebra,Inequalities,Inequalities,incorrect,0,Arithmetic error,Arithmetic error
S007,Q18,Solve: -3x < 9,x > -3,x > -3,Mathematics,Algebra,Inequalities,Inequalities,correct,1,,
S007,Q19,Solve: |x| ≤ 5,x ≥ -5,-5 ≤ x ≤ 5,Mathematics,Algebra,Inequalities,Inequalities,incorrect,0,Absolute value misunderstanding,Absolute value misunderstanding
S007,Q20,Graph the solution: x ≥ -2,"Closed circle at -2, shade right","Closed circle at -2, shade right",Mathematics,Algebra,Inequalities,Inequalities,correct,1,,
S008,Q02,Solve for x: 3x - 6 = 9,x = 5,x = 5,Mathematics,Algebra,Linear Equations,Linear Equations,correct,1,,
S008,Q05,Factor: x² + 5x + 6,(x+2)(x+3),(x+2)(x+3),Mathematics,Algebra,Factorization,Factorization,correct,1,,
S008,Q06,Factor: x² + 7x + 12,(x+1)(x+12),(x+3)(x+4),Mathematics,Algebra,Factorization,Factorization,incorrect,0,Incorrect factor-pair selection,Incorrect factor-pair selection
S008,Q07,Factor: x² - 9,(x+9)(x-1),(x+3)(x-3),Mathematics,Algebra,Factorization,Factorization,incorrect,0,Difference of squares confusion,Difference of squares confusion
S008,Q08,Factor: 2x² + 6x,2x(x+3),2x(x+3),Mathematics,Algebra,Factorization,Factorization,correct,1,,
S008,Q09,Solve: x² - 5x + 6 = 0,"x = 1, x = 6","x = 2, x = 3",Mathematics,Algebra,Quadratic Equations,Quadratic Equations,incorrect,0,Sign error in roots,Sign error in roots
S008,Q10,What is the discriminant of x² + 4x + 4 = 0?,8,0,Mathematics,Algebra,Quadratic Equations,Quadratic Equations,incorrect,0,Discriminant formula error,Discriminant formula error
S008,Q11,Solve: x² = 16,"x = 4, x = -4","x = 4, x = -4",Mathematics,Algebra,Quadratic Equations,Quadratic Equations,correct,1,,
S008,Q12,Solve using quadratic formula: x² - 3x - 10 = 0,"x = 10, x = -1","x = 5, x = -2",Mathematics,Algebra,Quadratic Equations,Quadratic Equations,incorrect,0,Formula application error,Formula application error
S008,Q13,"If f(x) = 2x + 1, find f(3)",7,7,Mathematics,Functions,Functions,Functions,correct,1,,
S008,Q14,What is the domain of f(x) = 1/x?,All real numbers except 0,All real numbers except 0,Mathematics,Functions,Functions,Functions,correct,1,,
S008,Q15,"If f(x) = x² and g(x) = x+1, find f(g(2))",9,9,Mathematics,Functions,Functions,Functions,correct,1,,
S008,Q16,Find the y-intercept of f(x) = 3x - 6,-6,-6,Mathematics,Functions,Functions,Functions,correct,1,,
S008,Q17,Solve: 2x + 3 > 7,x > 2,x > 2,Mathematics,Algebra,Inequalities,Inequalities,correct,1,,
S008,Q18,Solve: -3x < 9,x > -3,x > -3,Mathematics,Algebra,Inequalities,Inequalities,correct,1,,
S008,Q19,Solve: |x| ≤ 5,-5 ≤ x ≤ 5,-5 ≤ x ≤ 5,Mathematics,Algebra,Inequalities,Inequalities,correct,1,,
S008,Q20,Graph the solution: x ≥ -2,"Open circle at -2, shade right","Closed circle at -2, shade right",Mathematics,Algebra,Inequalities,Inequalities,incorrect,0,Inequality symbol confusion,Inequality symbol confusion
S009,Q01,Solve for x: 2x + 4 = 10,x = 3,x = 3,Mathematics,Algebra,Linear Equations,Linear Equations,correct,1,,
S009,Q02,Solve for x: 3x - 6 = 9,x = 5,x = 5,Mathematics,Algebra,Linear Equations,Linear Equations,correct,1,,
S009,Q03,Solve for x: x/2 + 3 = 7,x = 8,x = 8,Mathematics,Algebra,Linear Equations,Linear Equations,correct,1,,
S009,Q04,Solve for x: 5x = 25,x = 5,x = 5,Mathematics,Algebra,Linear Equations,Linear Equations,correct,1,,
S009,Q05,Factor: x² + 5x + 6,(x+1)(x+6),(x+2)(x+3),Mathematics,Algebra,Factorization,Factorization,incorrect,0,Incorrect factor-pair selection,Incorrect factor-pair selection
S009,Q06,Factor: x² + 7x + 12,(x+2)(x+6),(x+3)(x+4),Mathematics,Algebra,Factorization,Factorization,incorrect,0,Incorrect factor-pair selection,Incorrect factor-pair selection
S009,Q07,Factor: x² - 9,(x+3)(x-3),(x+3)(x-3),Mathematics,Algebra,Factorization,Factorization,correct,1,,
S009,Q08,Factor: 2x² + 6x,x(2x+6),2x(x+3),Mathematics,Algebra,Factorization,Factorization,incorrect,0,Incomplete factoring,Incomplete factoring
S009,Q09,Solve: x² - 5x + 6 = 0,"x = 1, x = 6","x = 2, x = 3",Mathematics,Algebra,Quadratic Equations,Quadratic Equations,incorrect,0,Sign error in roots,Sign error in roots
S009,Q10,What is the discriminant of x² + 4x + 4 = 0?,16,0,Mathematics,Algebra,Quadratic Equations,Quadratic Equations,incorrect,0,Discriminant formula error,Discriminant formula error
S009,Q11,Solve: x² = 16,x = 4,"x = 4, x = -4",Mathematics,Algebra,Quadratic Equations,Quadratic Equations,incorrect,0,Missing negative root,Missing negative root
S009,Q12,Solve using quadratic formula: x² - 3x - 10 = 0,"x = 5, x = 2","x = 5, x = -2",Mathematics,Algebra,Quadratic Equations,Quadratic Equations,incorrect,0,Formula application error,Formula application error
S009,Q13,"If f(x) = 2x + 1, find f(3)",6,7,Mathematics,Functions,Functions,Functions,incorrect,0,Substitution error,Substitution error
S009,Q14,What is the domain of f(x) = 1/x?,All real numbers,All real numbers except 0,Mathematics,Functions,Functions,Functions,incorrect,0,Domain restriction oversight,Domain restriction oversight
S009,Q15,"If f(x) = x² and g(x) = x+1, find f(g(2))",5,9,Mathematics,Functions,Functions,Functions,incorrect,0,Composition order error,Composition order error
S009,Q16,Find the y-intercept of f(x) = 3x - 6,3,-6,Mathematics,Functions,Functions,Functions,incorrect,0,Intercept identification error,Intercept identification error
S009,Q17,Solve: 2x + 3 > 7,x < 2,x > 2,Mathematics,Algebra,Inequalities,Inequalities,incorrect,0,Arithmetic error,Arithmetic error
S009,Q18,Solve: -3x < 9,x < 3,x > -3,Mathematics,Algebra,Inequalities,Inequalities,incorrect,0,Sign flip with negative division,Sign flip with negative division
S009,Q19,Solve: |x| ≤ 5,x = 5,-5 ≤ x ≤ 5,Mathematics,Algebra,Inequalities,Inequalities,incorrect,0,Absolute value misunderstanding,Absolute value misunderstanding
S009,Q20,Graph the solution: x ≥ -2,"Closed circle at -2, shade right","Closed circle at -2, shade right",Mathematics,Algebra,Inequalities,Inequalities,correct,1,,
S010,Q01,Solve for x: 2x + 4 = 10,x = 3,x = 3,Mathematics,Algebra,Linear Equations,Linear Equations,correct,1,,
S010,Q02,Solve for x: 3x - 6 = 9,x = 5,x = 5,Mathematics,Algebra,Linear Equations,Linear Equations,correct,1,,
S010,Q03,Solve for x: x/2 + 3 = 7,x = 8,x = 8,Mathematics,Algebra,Linear Equations,Linear Equations,correct,1,,
S010,Q04,Solve for x: 5x = 25,x = 20,x = 5,Mathematics,Algebra,Linear Equations,Linear Equations,incorrect,0,Division error,Division error
S010,Q05,Factor: x² + 5x + 6,(x+3)(x+3),(x+2)(x+3),Mathematics,Algebra,Factorization,Factorization,incorrect,0,Incorrect factor-pair selection,Incorrect factor-pair selection
S010,Q06,Factor: x² + 7x + 12,(x+1)(x+12),(x+3)(x+4),Mathematics,Algebra,Factorization,Factorization,incorrect,0,Incorrect factor-pair selection,Incorrect factor-pair selection
S010,Q07,Factor: x² - 9,(x+3)(x-3),(x+3)(x-3),Mathematics,Algebra,Factorization,Factorization,correct,1,,
S010,Q08,Factor: 2x² + 6x,x(2x+6),2x(x+3),Mathematics,Algebra,Factorization,Factorization,incorrect,0,Incomplete factoring,Incomplete factoring
S010,Q09,Solve: x² - 5x + 6 = 0,"x = -2, x = -3","x = 2, x = 3",Mathematics,Algebra,Quadratic Equations,Quadratic Equations,incorrect,0,Sign error in roots,Sign error in roots
S010,Q10,What is the discriminant of x² + 4x + 4 = 0?,16,0,Mathematics,Algebra,Quadratic Equations,Quadratic Equations,incorrect,0,Discriminant formula error,Discriminant formula error
S010,Q11,Solve: x² = 16,"x = 4, x = -4","x = 4, x = -4",Mathematics,Algebra,Quadratic Equations,Quadratic Equations,correct,1,,
S010,Q12,Solve using quadratic formula: x² - 3x - 10 = 0,"x = 5, x = 2","x = 5, x = -2",Mathematics,Algebra,Quadratic Equations,Quadratic Equations,incorrect,0,Formula application error,Formula application error
S010,Q13,"If f(x) = 2x + 1, find f(3)",6,7,Mathematics,Functions,Functions,Functions,incorrect,0,Substitution error,Substitution error
S010,Q14,What is the domain of f(x) = 1/x?,All real numbers,All real numbers except 0,Mathematics,Functions,Functions,Functions,incorrect,0,Domain restriction oversight,Domain restriction oversight
S010,Q15,"If f(x) = x² and g(x) = x+1, find f(g(2))",5,9,Mathematics,Functions,Functions,Functions,incorrect,0,Composition order error,Composition order error
S010,Q16,Find the y-intercept of f(x) = 3x - 6,6,-6,Mathematics,Functions,Functions,Functions,incorrect,0,Intercept identification error,Intercept identification error
S010,Q17,Solve: 2x + 3 > 7,x < 2,x > 2,Mathematics,Algebra,Inequalities,Inequalities,incorrect,0,Arithmetic error,Arithmetic error
S010,Q18,Solve: -3x < 9,x < -3,x > -3,Mathematics,Algebra,Inequalities,Inequalities,incorrect,0,Sign flip with negative division,Sign flip with negative division
S010,Q19,Solve: |x| ≤ 5,-5 ≤ x ≤ 5,-5 ≤ x ≤ 5,Mathematics,Algebra,Inequalities,Inequalities,correct,1,,
S010,Q20,Graph the solution: x ≥ -2,"Open circle at -2, shade right","Closed circle at -2, shade right",Mathematics,Algebra,Inequalities,Inequalities,incorrect,0,Inequality symbol confusion,Inequality symbol confusion
S011,Q01,Solve for x: 2x + 4 = 10,x = 5,x = 3,Mathematics,Algebra,Linear Equations,Linear Equations,incorrect,0,Arithmetic error,Arithmetic error
S011,Q02,Solve for x: 3x - 6 = 9,x = 1,x = 5,Mathematics,Algebra,Linear Equations,Linear Equations,incorrect,0,Sign error,Sign error
S011,Q03,Solve for x: x/2 + 3 = 7,x = 4,x = 8,Mathematics,Algebra,Linear Equations,Linear Equations,incorrect,0,Order of operations,Order of operations
S011,Q04,Solve for x: 5x = 25,x = 5,x = 5,Mathematics,Algebra,Linear Equations,Linear Equations,correct,1,,
S011,Q05,Factor: x² + 5x + 6,(x+1)(x+6),(x+2)(x+3),Mathematics,Algebra,Factorization,Factorization,incorrect,0,Incorrect factor-pair selection,Incorrect factor-pair selection
S011,Q06,Factor: x² + 7x + 12,(x+1)(x+12),(x+3)(x+4),Mathematics,Algebra,Factorization,Factorization,incorrect,0,Incorrect factor-pair selection,Incorrect factor-pair selection
S011,Q07,Factor: x² - 9,(x-3)(x-3),(x+3)(x-3),Mathematics,Algebra,Factorization,Factorization,incorrect,0,Difference of squares confusion,Difference of squares confusion
S011,Q08,Factor: 2x² + 6x,x(2x+6),2x(x+3),Mathematics,Algebra,Factorization,Factorization,incorrect,0,Incomplete factoring,Incomplete factoring
S011,Q09,Solve: x² - 5x + 6 = 0,"x = 2, x = 3","x = 2, x = 3",Mathematics,Algebra,Quadratic Equations,Quadratic Equations,correct,1,,
S011,Q10,What is the discriminant of x² + 4x + 4 = 0?,-16,0,Mathematics,Algebra,Quadratic Equations,Quadratic Equations,incorrect,0,Discriminant formula error,Discriminant formula error
S011,Q11,Solve: x² = 16,x = 4,"x = 4, x = -4",Mathematics,Algebra,Quadratic Equations,Quadratic Equations,incorrect,0,Missing negative root,Missing negative root
S011,Q12,Solve using quadratic formula: x² - 3x - 10 = 0,"x = 10, x = -1","x = 5, x = -2",Mathematics,Algebra,Quadratic Equations,Quadratic Equations,incorrect,0,Formula application error,Formula application error
S011,Q13,"If f(x) = 2x + 1, find f(3)",6,7,Mathematics,Functions,Functions,Functions,incorrect,0,Substitution error,Substitution error
S011,Q14,What is the domain of f(x) = 1/x?,All real numbers except 0,All real numbers except 0,Mathematics,Functions,Functions,Functions,correct,1,,
S011,Q15,"If f(x) = x² and g(x) = x+1, find f(g(2))",4,9,Mathematics,Functions,Functions,Functions,incorrect,0,Composition order error,Composition order error
S011,Q16,Find the y-intercept of f(x) = 3x - 6,-6,-6,Mathematics,Functions,Functions,Functions,correct,1,,
S011,Q17,Solve: 2x + 3 > 7,x > 2,x > 2,Mathematics,Algebra,Inequalities,Inequalities,correct,1,,
S011,Q18,Solve: -3x < 9,x < -3,x > -3,Mathematics,Algebra,Inequalities,Inequalities,incorrect,0,Sign flip with negative division,Sign flip with negative division
S011,Q19,Solve: |x| ≤ 5,-5 ≤ x ≤ 5,-5 ≤ x ≤ 5,Mathematics,Algebra,Inequalities,Inequalities,correct,1,,
S011,Q20,Graph the solution: x ≥ -2,"Closed circle at -2, shade left","Closed circle at -2, shade right",Mathematics,Algebra,Inequalities,Inequalities,incorrect,0,Inequality symbol confusion,Inequality symbol confusion
S012,Q01,Solve for x: 2x + 4 = 10,x = 5,x = 3,Mathematics,Algebra,Linear Equations,Linear Equations,incorrect,0,Arithmetic error,Arithmetic error
S012,Q02,Solve for x: 3x - 6 = 9,x = 3,x = 5,Mathematics,Algebra,Linear Equations,Linear Equations,incorrect,0,Sign error,Sign error
S012,Q03,Solve for x: x/2 + 3 = 7,x = 2,x = 8,Mathematics,Algebra,Linear Equations,Linear Equations,incorrect,0,Order of operations,Order of operations
S012,Q04,Solve for x: 5x = 25,x = 5,x = 5,Mathematics,Algebra,Linear Equations,Linear Equations,correct,1,,
S012,Q05,Factor: x² + 5x + 6,(x+1)(x+6),(x+2)(x+3),Mathematics,Algebra,Factorization,Factorization,incorrect,0,Incorrect factor-pair selection,Incorrect factor-pair selection
S012,Q06,Factor: x² + 7x + 12,(x+3)(x+4),(x+3)(x+4),Mathematics,Algebra,Factorization,Factorization,correct,1,,
S012,Q07,Factor: x² - 9,(x+9)(x-1),(x+3)(x-3),Mathematics,Algebra,Factorization,Factorization,incorrect,0,Difference of squares confusion,Difference of squares confusion
S012,Q08,Factor: 2x² + 6x,2(x²+3x),2x(x+3),Mathematics,Algebra,Factorization,Factorization,incorrect,0,Incomplete factoring,Incomplete factoring
S012,Q09,Solve: x² - 5x + 6 = 0,"x = 1, x = 6","x = 2, x = 3",Mathematics,Algebra,Quadratic Equations,Quadratic Equations,incorrect,0,Sign error in roots,Sign error in roots
S012,Q10,What is the discriminant of x² + 4x + 4 = 0?,8,0,Mathematics,Algebra,Quadratic Equations,Quadratic Equations,incorrect,0,Discriminant formula error,Discriminant formula error
S012,Q11,Solve: x² = 16,x = 4,"x = 4, x = -4",Mathematics,Algebra,Quadratic Equations,Quadratic Equations,incorrect,0,Missing negative root,Missing negative root
S012,Q12,Solve using quadratic formula: x² - 3x - 10 = 0,"x = 10, x = -1","x = 5, x = -2",Mathematics,Algebra,Quadratic Equations,Quadratic Equations,incorrect,0,Formula application error,Formula application error
S012,Q13,"If f(x) = 2x + 1, find f(3)",7,7,Mathematics,Functions,Functions,Functions,correct,1,,
S012,Q14,What is the domain of f(x) = 1/x?,x > 0,All real numbers except 0,Mathematics,Functions,Functions,Functions,incorrect,0,Domain restriction oversight,Domain restriction oversight
S012,Q15,"If f(x) = x² and g(x) = x+1, find f(g(2))",9,9,Mathematics,Functions,Functions,Functions,correct,1,,
S012,Q16,Find the y-intercept of f(x) = 3x - 6,3,-6,Mathematics,Functions,Functions,Functions,incorrect,0,Intercept identification error,Intercept identification error
S012,Q17,Solve: 2x + 3 > 7,x > 5,x > 2,Mathematics,Algebra,Inequalities,Inequalities,incorrect,0,Arithmetic error,Arithmetic error
S012,Q18,Solve: -3x < 9,x > -3,x > -3,Mathematics,Algebra,Inequalities,Inequalities,correct,1,,
S012,Q19,Solve: |x| ≤ 5,x ≤ 5,-5 ≤ x ≤ 5,Mathematics,Algebra,Inequalities,Inequalities,incorrect,0,Absolute value misunderstanding,Absolute value misunderstanding
S012,Q20,Graph the solution: x ≥ -2,"Open circle at 2, shade right","Closed circle at -2, shade right",Mathematics,Algebra,Inequalities,Inequalities,incorrect,0,Inequality symbol confusion,Inequality symbol confusion
S013,Q01,Solve for x: 2x + 4 = 10,x = 7,x = 3,Mathematics,Algebra,Linear Equations,Linear Equations,incorrect,0,Arithmetic error,Arithmetic error
S013,Q02,Solve for x: 3x - 6 = 9,x = 5,x = 5,Mathematics,Algebra,Linear Equations,Linear Equations,correct,1,,
S013,Q03,Solve for x: x/2 + 3 = 7,x = 8,x = 8,Mathematics,Algebra,Linear Equations,Linear Equations,correct,1,,
S013,Q04,Solve for x: 5x = 25,x = 20,x = 5,Mathematics,Algebra,Linear Equations,Linear Equations,incorrect,0,Division error,Division error
S013,Q05,Factor: x² + 5x + 6,(x+1)(x+6),(x+2)(x+3),Mathematics,Algebra,Factorization,Factorization,incorrect,0,Incorrect factor-pair selection,Incorrect factor-pair selection
S013,Q06,Factor: x² + 7x + 12,(x+2)(x+6),(x+3)(x+4),Mathematics,Algebra,Factorization,Factorization,incorrect,0,Incorrect factor-pair selection,Incorrect factor-pair selection
S013,Q07,Factor: x² - 9,(x-3)(x-3),(x+3)(x-3),Mathematics,Algebra,Factorization,Factorization,incorrect,0,Difference of squares confusion,Difference of squares confusion
S013,Q08,Factor: 2x² + 6x,2x(x+3),2x(x+3),Mathematics,Algebra,Factorization,Factorization,correct,1,,
S013,Q09,Solve: x² - 5x + 6 = 0,"x = 1, x = 6","x = 2, x = 3",Mathematics,Algebra,Quadratic Equations,Quadratic Equations,incorrect,0,Sign error in roots,Sign error in roots
S013,Q10,What is the discriminant of x² + 4x + 4 = 0?,0,0,Mathematics,Algebra,Quadratic Equations,Quadratic Equations,correct,1,,
S013,Q11,Solve: x² = 16,x = 4,"x = 4, x = -4",Mathematics,Algebra,Quadratic Equations,Quadratic Equations,incorrect,0,Missing negative root,Missing negative root
S013,Q12,Solve using quadratic formula: x² - 3x - 10 = 0,"x = -5, x = 2","x = 5, x = -2",Mathematics,Algebra,Quadratic Equations,Quadratic Equations,incorrect,0,Formula application error,Formula application error
S013,Q13,"If f(x) = 2x + 1, find f(3)",7,7,Mathematics,Functions,Functions,Functions,correct,1,,
S013,Q14,What is the domain of f(x) = 1/x?,x > 0,All real numbers except 0,Mathematics,Functions,Functions,Functions,incorrect,0,Domain restriction oversight,Domain restriction oversight
S013,Q15,"If f(x) = x² and g(x) = x+1, find f(g(2))",5,9,Mathematics,Functions,Functions,Functions,incorrect,0,Composition order error,Composition order error
S013,Q16,Find the y-intercept of f(x) = 3x - 6,6,-6,Mathematics,Functions,Functions,Functions,incorrect,0,Intercept identification error,Intercept identification error
S013,Q17,Solve: 2x + 3 > 7,x > 2,x > 2,Mathematics,Algebra,Inequalities,Inequalities,correct,1,,
S013,Q18,Solve: -3x < 9,x < -3,x > -3,Mathematics,Algebra,Inequalities,Inequalities,incorrect,0,Sign flip with negative division,Sign flip with negative division
S013,Q19,Solve: |x| ≤ 5,x ≥ -5,-5 ≤ x ≤ 5,Mathematics,Algebra,Inequalities,Inequalities,incorrect,0,Absolute value misunderstanding,Absolute value misunderstanding
S013,Q20,Graph the solution: x ≥ -2,"Open circle at 2, shade right","Closed circle at -2, shade right",Mathematics,Algebra,Inequalities,Inequalities,incorrect,0,Inequality symbol confusion,Inequality symbol confusion
S014,Q01,Solve for x: 2x + 4 = 10,x = 5,x = 3,Mathematics,Algebra,Linear Equations,Linear Equations,incorrect,0,Arithmetic error,Arithmetic error
S014,Q02,Solve for x: 3x - 6 = 9,x = 3,x = 5,Mathematics,Algebra,Linear Equations,Linear Equations,incorrect,0,Sign error,Sign error
S014,Q03,Solve for x: x/2 + 3 = 7,x = 4,x = 8,Mathematics,Algebra,Linear Equations,Linear Equations,incorrect,0,Order of operations,Order of operations
S014,Q04,Solve for x: 5x = 25,x = 125,x = 5,Mathematics,Algebra,Linear Equations,Linear Equations,incorrect,0,Division error,Division error
S014,Q05,Factor: x² + 5x + 6,(x+3)(x+3),(x+2)(x+3),Mathematics,Algebra,Factorization,Factorization,incorrect,0,Incorrect factor-pair selection,Incorrect factor-pair selection
S014,Q06,Factor: x² + 7x + 12,(x+2)(x+6),(x+3)(x+4),Mathematics,Algebra,Factorization,Factorization,incorrect,0,Incorrect factor-pair selection,Incorrect factor-pair selection
S014,Q07,Factor: x² - 9,(x-9)(x+1),(x+3)(x-3),Mathematics,Algebra,Factorization,Factorization,incorrect,0,Difference of squares confusion,Difference of squares confusion
S014,Q08,Factor: 2x² + 6x,2(x²+3x),2x(x+3),Mathematics,Algebra,Factorization,Factorization,incorrect,0,Incomplete factoring,Incomplete factoring
S014,Q09,Solve: x² - 5x + 6 = 0,"x = -2, x = -3","x = 2, x = 3",Mathematics,Algebra,Quadratic Equations,Quadratic Equations,incorrect,0,Sign error in roots,Sign error in roots
S014,Q10,What is the discriminant of x² + 4x + 4 = 0?,8,0,Mathematics,Algebra,Quadratic Equations,Quadratic Equations,incorrect,0,Discriminant formula error,Discriminant formula error
S014,Q11,Solve: x² = 16,x = 4,"x = 4, x = -4",Mathematics,Algebra,Quadratic Equations,Quadratic Equations,incorrect,0,Missing negative root,Missing negative root
S014,Q12,Solve using quadratic formula: x² - 3x - 10 = 0,"x = -5, x = 2","x = 5, x = -2",Mathematics,Algebra,Quadratic Equations,Quadratic Equations,incorrect,0,Formula application error,Formula application error
S014,Q13,"If f(x) = 2x + 1, find f(3)",6,7,Mathematics,Functions,Functions,Functions,incorrect,0,Substitution error,Substitution error
S014,Q14,What is the domain of f(x) = 1/x?,x ≥ 0,All real numbers except 0,Mathematics,Functions,Functions,Functions,incorrect,0,Domain restriction oversight,Domain restriction oversight
S014,Q15,"If f(x) = x² and g(x) = x+1, find f(g(2))",4,9,Mathematics,Functions,Functions,Functions,incorrect,0,Composition order error,Composition order error
S014,Q16,Find the y-intercept of f(x) = 3x - 6,6,-6,Mathematics,Functions,Functions,Functions,incorrect,0,Intercept identification error,Intercept identification error
S014,Q17,Solve: 2x + 3 > 7,x > 3.5,x > 2,Mathematics,Algebra,Inequalities,Inequalities,incorrect,0,Arithmetic error,Arithmetic error
S014,Q18,Solve: -3x < 9,x < 3,x > -3,Mathematics,Algebra,Inequalities,Inequalities,incorrect,0,Sign flip with negative division,Sign flip with negative division
S014,Q19,Solve: |x| ≤ 5,x ≤ 5,-5 ≤ x ≤ 5,Mathematics,Algebra,Inequalities,Inequalities,incorrect,0,Absolute value misunderstanding,Absolute value misunderstanding
S014,Q20,Graph the solution: x ≥ -2,"Closed circle at -2, shade right","Closed circle at -2, shade right",Mathematics,Algebra,Inequalities,Inequalities,correct,1,,
S015,Q01,Solve for x: 2x + 4 = 10,x = 3,x = 3,Mathematics,Algebra,Linear Equations,Linear Equations,correct,1,,
S015,Q02,Solve for x: 3x - 6 = 9,x = 15,x = 5,Mathematics,Algebra,Linear Equations,Linear Equations,incorrect,0,Sign error,Sign error
S015,Q03,Solve for x: x/2 + 3 = 7,x = 4,x = 8,Mathematics,Algebra,Linear Equations,Linear Equations,incorrect,0,Order of operations,Order of operations
S015,Q04,Solve for x: 5x = 25,x = 30,x = 5,Mathematics,Algebra,Linear Equations,Linear Equations,incorrect,0,Division error,Division error
S015,Q05,Factor: x² + 5x + 6,(x+2)(x+3),(x+2)(x+3),Mathematics,Algebra,Factorization,Factorization,correct,1,,
S015,Q06,Factor: x² + 7x + 12,(x+4)(x+4),(x+3)(x+4),Mathematics,Algebra,Factorization,Factorization,incorrect,0,Incorrect factor-pair selection,Incorrect factor-pair selection
S015,Q07,Factor: x² - 9,(x-3)(x-3),(x+3)(x-3),Mathematics,Algebra,Factorization,Factorization,incorrect,0,Difference of squares confusion,Difference of squares confusion
S015,Q08,Factor: 2x² + 6x,2x(x+6),2x(x+3),Mathematics,Algebra,Factorization,Factorization,incorrect,0,Incomplete factoring,Incomplete factoring
S015,Q09,Solve: x² - 5x + 6 = 0,"x = 2, x = -3","x = 2, x = 3",Mathematics,Algebra,Quadratic Equations,Quadratic Equations,incorrect,0,Sign error in roots,Sign error in roots
S015,Q10,What is the discriminant of x² + 4x + 4 = 0?,16,0,Mathematics,Algebra,Quadratic Equations,Quadratic Equations,incorrect,0,Discriminant formula error,Discriminant formula error
S015,Q11,Solve: x² = 16,"x = 4, x = -4","x = 4, x = -4",Mathematics,Algebra,Quadratic Equations,Quadratic Equations,correct,1,,
S015,Q12,Solve using quadratic formula: x² - 3x - 10 = 0,"x = -5, x = 2","x = 5, x = -2",Mathematics,Algebra,Quadratic Equations,Quadratic Equations,incorrect,0,Formula application error,Formula application error
S015,Q13,"If f(x) = 2x + 1, find f(3)",7,7,Mathematics,Functions,Functions,Functions,correct,1,,
S015,Q14,What is the domain of f(x) = 1/x?,All real numbers,All real numbers except 0,Mathematics,Functions,Functions,Functions,incorrect,0,Domain restriction oversight,Domain restriction oversight
S015,Q15,"If f(x) = x² and g(x) = x+1, find f(g(2))",9,9,Mathematics,Functions,Functions,Functions,correct,1,,
S015,Q16,Find the y-intercept of f(x) = 3x - 6,-6,-6,Mathematics,Functions,Functions,Functions,correct,1,,
S015,Q17,Solve: 2x + 3 > 7,x > 2,x > 2,Mathematics,Algebra,Inequalities,Inequalities,correct,1,,
S015,Q18,Solve: -3x < 9,x < 3,x > -3,Mathematics,Algebra,Inequalities,Inequalities,incorrect,0,Sign flip with negative division,Sign flip with negative division
S015,Q19,Solve: |x| ≤ 5,x ≤ 5,-5 ≤ x ≤ 5,Mathematics,Algebra,Inequalities,Inequalities,incorrect,0,Absolute value misunderstanding,Absolute value misunderstanding
S015,Q20,Graph the solution: x ≥ -2,"Open circle at -2, shade right","Closed circle at -2, shade right",Mathematics,Algebra,Inequalities,Inequalities,incorrect,0,Inequality symbol confusion,Inequality symbol confusion
S016,Q01,Solve for x: 2x + 4 = 10,x = 3,x = 3,Mathematics,Algebra,Linear Equations,Linear Equations,correct,1,,
S016,Q02,Solve for x: 3x - 6 = 9,x = 5,x = 5,Mathematics,Algebra,Linear Equations,Linear Equations,correct,1,,
S016,Q03,Solve for x: x/2 + 3 = 7,x = 2,x = 8,Mathematics,Algebra,Linear Equations,Linear Equations,incorrect,0,Order of operations,Order of operations
S016,Q04,Solve for x: 5x = 25,x = 5,x = 5,Mathematics,Algebra,Linear Equations,Linear Equations,correct,1,,
S016,Q05,Factor: x² + 5x + 6,(x+1)(x+6),(x+2)(x+3),Mathematics,Algebra,Factorization,Factorization,incorrect,0,Incorrect factor-pair selection,Incorrect factor-pair selection
S016,Q06,Factor: x² + 7x + 12,(x+1)(x+12),(x+3)(x+4),Mathematics,Algebra,Factorization,Factorization,incorrect,0,Incorrect factor-pair selection,Incorrect factor-pair selection
S016,Q07,Factor: x² - 9,(x-3)(x-3),(x+3)(x-3),Mathematics,Algebra,Factorization,Factorization,incorrect,0,Difference of squares confusion,Difference of squares confusion
S016,Q08,Factor: 2x² + 6x,2x(x+3),2x(x+3),Mathematics,Algebra,Factorization,Factorization,correct,1,,
S016,Q09,Solve: x² - 5x + 6 = 0,"x = -2, x = -3","x = 2, x = 3",Mathematics,Algebra,Quadratic Equations,Quadratic Equations,incorrect,0,Sign error in roots,Sign error in roots
S016,Q10,What is the discriminant of x² + 4x + 4 = 0?,8,0,Mathematics,Algebra,Quadratic Equations,Quadratic Equations,incorrect,0,Discriminant formula error,Discriminant formula error
S016,Q11,Solve: x² = 16,x = 256,"x = 4, x = -4",Mathematics,Algebra,Quadratic Equations,Quadratic Equations,incorrect,0,Missing negative root,Missing negative root
S016,Q12,Solve using quadratic formula: x² - 3x - 10 = 0,"x = -5, x = 2","x = 5, x = -2",Mathematics,Algebra,Quadratic Equations,Quadratic Equations,incorrect,0,Formula application error,Formula application error
S016,Q13,"If f(x) = 2x + 1, find f(3)",7,7,Mathematics,Functions,Functions,Functions,correct,1,,
S016,Q14,What is the domain of f(x) = 1/x?,All real numbers,All real numbers except 0,Mathematics,Functions,Functions,Functions,incorrect,0,Domain restriction oversight,Domain restriction oversight
S016,Q15,"If f(x) = x² and g(x) = x+1, find f(g(2))",5,9,Mathematics,Functions,Functions,Functions,incorrect,0,Composition order error,Composition order error
S016,Q16,Find the y-intercept of f(x) = 3x - 6,2,-6,Mathematics,Functions,Functions,Functions,incorrect,0,Intercept identification error,Intercept identification error
S016,Q17,Solve: 2x + 3 > 7,x > 3.5,x > 2,Mathematics,Algebra,Inequalities,Inequalities,incorrect,0,Arithmetic error,Arithmetic error
S016,Q18,Solve: -3x < 9,x < -3,x > -3,Mathematics,Algebra,Inequalities,Inequalities,incorrect,0,Sign flip with negative division,Sign flip with negative division
S016,Q19,Solve: |x| ≤ 5,x ≤ 5,-5 ≤ x ≤ 5,Mathematics,Algebra,Inequalities,Inequalities,incorrect,0,Absolute value misunderstanding,Absolute value misunderstanding
S016,Q20,Graph the solution: x ≥ -2,"Open circle at -2, shade right","Closed circle at -2, shade right",Mathematics,Algebra,Inequalities,Inequalities,incorrect,0,Inequality symbol confusion,Inequality symbol confusion
S017,Q01,Solve for x: 2x + 4 = 10,x = 2,x = 3,Mathematics,Algebra,Linear Equations,Linear Equations,incorrect,0,Arithmetic error,Arithmetic error
S017,Q02,Solve for x: 3x - 6 = 9,x = 3,x = 5,Mathematics,Algebra,Linear Equations,Linear Equations,incorrect,0,Sign error,Sign error
S017,Q03,Solve for x: x/2 + 3 = 7,x = 8,x = 8,Mathematics,Algebra,Linear Equations,Linear Equations,correct,1,,
S017,Q04,Solve for x: 5x = 25,x = 5,x = 5,Mathematics,Algebra,Linear Equations,Linear Equations,correct,1,,
S017,Q05,Factor: x² + 5x + 6,(x+2)(x+2),(x+2)(x+3),Mathematics,Algebra,Factorization,Factorization,incorrect,0,Incorrect factor-pair selection,Incorrect factor-pair selection
S017,Q06,Factor: x² + 7x + 12,(x+2)(x+6),(x+3)(x+4),Mathematics,Algebra,Factorization,Factorization,incorrect,0,Incorrect factor-pair selection,Incorrect factor-pair selection
S017,Q07,Factor: x² - 9,(x+3)(x-3),(x+3)(x-3),Mathematics,Algebra,Factorization,Factorization,correct,1,,
S017,Q08,Factor: 2x² + 6x,2x(x+6),2x(x+3),Mathematics,Algebra,Factorization,Factorization,incorrect,0,Incomplete factoring,Incomplete factoring
S017,Q09,Solve: x² - 5x + 6 = 0,"x = 2, x = 3","x = 2, x = 3",Mathematics,Algebra,Quadratic Equations,Quadratic Equations,correct,1,,
S017,Q10,What is the discriminant of x² + 4x + 4 = 0?,16,0,Mathematics,Algebra,Quadratic Equations,Quadratic Equations,incorrect,0,Discriminant formula error,Discriminant formula error
S017,Q11,Solve: x² = 16,"x = 4, x = -4","x = 4, x = -4",Mathematics,Algebra,Quadratic Equations,Quadratic Equations,correct,1,,
S017,Q12,Solve using quadratic formula: x² - 3x - 10 = 0,"x = 5, x = -2","x = 5, x = -2",Mathematics,Algebra,Quadratic Equations,Quadratic Equations,correct,1,,
S017,Q13,"If f(x) = 2x + 1, find f(3)",7,7,Mathematics,Functions,Functions,Functions,correct,1,,
S017,Q14,What is the domain of f(x) = 1/x?,All real numbers except 0,All real numbers except 0,Mathematics,Functions,Functions,Functions,correct,1,,
S017,Q15,"If f(x) = x² and g(x) = x+1, find f(g(2))",6,9,Mathematics,Functions,Functions,Functions,incorrect,0,Composition order error,Composition order error
S017,Q16,Find the y-intercept of f(x) = 3x - 6,-6,-6,Mathematics,Functions,Functions,Functions,correct,1,,
S017,Q17,Solve: 2x + 3 > 7,x > 2,x > 2,Mathematics,Algebra,Inequalities,Inequalities,correct,1,,
S017,Q18,Solve: -3x < 9,x > -3,x > -3,Mathematics,Algebra,Inequalities,Inequalities,correct,1,,
S017,Q19,Solve: |x| ≤ 5,-5 ≤ x ≤ 5,-5 ≤ x ≤ 5,Mathematics,Algebra,Inequalities,Inequalities,correct,1,,
S017,Q20,Graph the solution: x ≥ -2,"Closed circle at -2, shade right","Closed circle at -2, shade right",Mathematics,Algebra,Inequalities,Inequalities,correct,1,,
S018,Q01,Solve for x: 2x + 4 = 10,x = 2,x = 3,Mathematics,Algebra,Linear Equations,Linear Equations,incorrect,0,Arithmetic error,Arithmetic error
S018,Q02,Solve for x: 3x - 6 = 9,x = 1,x = 5,Mathematics,Algebra,Linear Equations,Linear Equations,incorrect,0,Sign error,Sign error
S018,Q03,Solve for x: x/2 + 3 = 7,x = 8,x = 8,Mathematics,Algebra,Linear Equations,Linear Equations,correct,1,,
S018,Q04,Solve for x: 5x = 25,x = 5,x = 5,Mathematics,Algebra,Linear Equations,Linear Equations,correct,1,,
S018,Q05,Factor: x² + 5x + 6,(x+1)(x+6),(x+2)(x+3),Mathematics,Algebra,Factorization,Factorization,incorrect,0,Incorrect factor-pair selection,Incorrect factor-pair selection
S018,Q06,Factor: x² + 7x + 12,(x+1)(x+12),(x+3)(x+4),Mathematics,Algebra,Factorization,Factorization,incorrect,0,Incorrect factor-pair selection,Incorrect factor-pair selection
S018,Q07,Factor: x² - 9,(x-3)(x-3),(x+3)(x-3),Mathematics,Algebra,Factorization,Factorization,incorrect,0,Difference of squares confusion,Difference of squares confusion
S018,Q08,Factor: 2x² + 6x,x(2x+6),2x(x+3),Mathematics,Algebra,Factorization,Factorization,incorrect,0,Incomplete factoring,Incomplete factoring
S018,Q09,Solve: x² - 5x + 6 = 0,"x = 2, x = 3","x = 2, x = 3",Mathematics,Algebra,Quadratic Equations,Quadratic Equations,correct,1,,
S018,Q10,What is the discriminant of x² + 4x + 4 = 0?,16,0,Mathematics,Algebra,Quadratic Equations,Quadratic Equations,incorrect,0,Discriminant formula error,Discriminant formula error
S018,Q11,Solve: x² = 16,x = 4,"x = 4, x = -4",Mathematics,Algebra,Quadratic Equations,Quadratic Equations,incorrect,0,Missing negative root,Missing negative root
S018,Q12,Solve using quadratic formula: x² - 3x - 10 = 0,"x = 5, x = -2","x = 5, x = -2",Mathematics,Algebra,Quadratic Equations,Quadratic Equations,correct,1,,
S018,Q13,"If f(x) = 2x + 1, find f(3)",6,7,Mathematics,Functions,Functions,Functions,incorrect,0,Substitution error,Substitution error
S018,Q14,What is the domain of f(x) = 1/x?,All real numbers except 0,All real numbers except 0,Mathematics,Functions,Functions,Functions,correct,1,,
S018,Q15,"If f(x) = x² and g(x) = x+1, find f(g(2))",5,9,Mathematics,Functions,Functions,Functions,incorrect,0,Composition order error,Composition order error
S018,Q16,Find the y-intercept of f(x) = 3x - 6,-6,-6,Mathematics,Functions,Functions,Functions,correct,1,,
S018,Q17,Solve: 2x + 3 > 7,x < 2,x > 2,Mathematics,Algebra,Inequalities,Inequalities,incorrect,0,Arithmetic error,Arithmetic error
S018,Q18,Solve: -3x < 9,x < 3,x > -3,Mathematics,Algebra,Inequalities,Inequalities,incorrect,0,Sign flip with negative division,Sign flip with negative division
S018,Q19,Solve: |x| ≤ 5,-5 ≤ x ≤ 5,-5 ≤ x ≤ 5,Mathematics,Algebra,Inequalities,Inequalities,correct,1,,
S018,Q20,Graph the solution: x ≥ -2,"Open circle at -2, shade right","Closed circle at -2, shade right",Mathematics,Algebra,Inequalities,Inequalities,incorrect,0,Inequality symbol confusion,Inequality symbol confusion
S019,Q01,Solve for x: 2x + 4 = 10,x = 3,x = 3,Mathematics,Algebra,Linear Equations,Linear Equations,correct,1,,
S019,Q02,Solve for x: 3x - 6 = 9,x = 3,x = 5,Mathematics,Algebra,Linear Equations,Linear Equations,incorrect,0,Sign error,Sign error
S019,Q03,Solve for x: x/2 + 3 = 7,x = 8,x = 8,Mathematics,Algebra,Linear Equations,Linear Equations,correct,1,,
S019,Q04,Solve for x: 5x = 25,x = 5,x = 5,Mathematics,Algebra,Linear Equations,Linear Equations,correct,1,,
S019,Q05,Factor: x² + 5x + 6,(x+2)(x+3),(x+2)(x+3),Mathematics,Algebra,Factorization,Factorization,correct,1,,
S019,Q06,Factor: x² + 7x + 12,(x+2)(x+6),(x+3)(x+4),Mathematics,Algebra,Factorization,Factorization,incorrect,0,Incorrect factor-pair selection,Incorrect factor-pair selection
S019,Q07,Factor: x² - 9,(x+9)(x-1),(x+3)(x-3),Mathematics,Algebra,Factorization,Factorization,incorrect,0,Difference of squares confusion,Difference of squares confusion
S019,Q08,Factor: 2x² + 6x,2(x²+3x),2x(x+3),Mathematics,Algebra,Factorization,Factorization,incorrect,0,Incomplete factoring,Incomplete factoring
S019,Q09,Solve: x² - 5x + 6 = 0,"x = -2, x = -3","x = 2, x = 3",Mathematics,Algebra,Quadratic Equations,Quadratic Equations,incorrect,0,Sign error in roots,Sign error in roots
S019,Q10,What is the discriminant of x² + 4x + 4 = 0?,8,0,Mathematics,Algebra,Quadratic Equations,Quadratic Equations,incorrect,0,Discriminant formula error,Discriminant formula error
S019,Q11,Solve: x² = 16,x = 4,"x = 4, x = -4",Mathematics,Algebra,Quadratic Equations,Quadratic Equations,incorrect,0,Missing negative root,Missing negative root
S019,Q12,Solve using quadratic formula: x² - 3x - 10 = 0,"x = 5, x = -2","x = 5, x = -2",Mathematics,Algebra,Quadratic Equations,Quadratic Equations,correct,1,,
S019,Q13,"If f(x) = 2x + 1, find f(3)",6,7,Mathematics,Functions,Functions,Functions,incorrect,0,Substitution error,Substitution error
S019,Q14,What is the domain of f(x) = 1/x?,x > 0,All real numbers except 0,Mathematics,Functions,Functions,Functions,incorrect,0,Domain restriction oversight,Domain restriction oversight
S019,Q15,"If f(x) = x² and g(x) = x+1, find f(g(2))",9,9,Mathematics,Functions,Functions,Functions,correct,1,,
S019,Q16,Find the y-intercept of f(x) = 3x - 6,-6,-6,Mathematics,Functions,Functions,Functions,correct,1,,
S019,Q17,Solve: 2x + 3 > 7,x > 2,x > 2,Mathematics,Algebra,Inequalities,Inequalities,correct,1,,
S019,Q18,Solve: -3x < 9,x > 3,x > -3,Mathematics,Algebra,Inequalities,Inequalities,incorrect,0,Sign flip with negative division,Sign flip with negative division
S019,Q19,Solve: |x| ≤ 5,x ≥ -5,-5 ≤ x ≤ 5,Mathematics,Algebra,Inequalities,Inequalities,incorrect,0,Absolute value misunderstanding,Absolute value misunderstanding
S019,Q20,Graph the solution: x ≥ -2,"Closed circle at -2, shade right","Closed circle at -2, shade right",Mathematics,Algebra,Inequalities,Inequalities,correct,1,,
S020,Q01,Solve for x: 2x + 4 = 10,x = 2,x = 3,Mathematics,Algebra,Linear Equations,Linear Equations,incorrect,0,Arithmetic error,Arithmetic error
S020,Q02,Solve for x: 3x - 6 = 9,x = 1,x = 5,Mathematics,Algebra,Linear Equations,Linear Equations,incorrect,0,Sign error,Sign error
S020,Q03,Solve for x: x/2 + 3 = 7,x = 8,x = 8,Mathematics,Algebra,Linear Equations,Linear Equations,correct,1,,
S020,Q04,Solve for x: 5x = 25,x = 20,x = 5,Mathematics,Algebra,Linear Equations,Linear Equations,incorrect,0,Division error,Division error
S020,Q05,Factor: x² + 5x + 6,(x+1)(x+6),(x+2)(x+3),Mathematics,Algebra,Factorization,Factorization,incorrect,0,Incorrect factor-pair selection,Incorrect factor-pair selection
S020,Q06,Factor: x² + 7x + 12,(x+4)(x+4),(x+3)(x+4),Mathematics,Algebra,Factorization,Factorization,incorrect,0,Incorrect factor-pair selection,Incorrect factor-pair selection
S020,Q07,Factor: x² - 9,(x-9)(x+1),(x+3)(x-3),Mathematics,Algebra,Factorization,Factorization,incorrect,0,Difference of squares confusion,Difference of squares confusion
S020,Q08,Factor: 2x² + 6x,x(2x+6),2x(x+3),Mathematics,Algebra,Factorization,Factorization,incorrect,0,Incomplete factoring,Incomplete factoring
S020,Q09,Solve: x² - 5x + 6 = 0,"x = -2, x = -3","x = 2, x = 3",Mathematics,Algebra,Quadratic Equations,Quadratic Equations,incorrect,0,Sign error in roots,Sign error in roots
S020,Q10,What is the discriminant of x² + 4x + 4 = 0?,16,0,Mathematics,Algebra,Quadratic Equations,Quadratic Equations,incorrect,0,Discriminant formula error,Discriminant formula error
S020,Q11,Solve: x² = 16,"x = 4, x = -4","x = 4, x = -4",Mathematics,Algebra,Quadratic Equations,Quadratic Equations,correct,1,,
S020,Q12,Solve using quadratic formula: x² - 3x - 10 = 0,"x = 5, x = -2","x = 5, x = -2",Mathematics,Algebra,Quadratic Equations,Quadratic Equations,correct,1,,
S020,Q13,"If f(x) = 2x + 1, find f(3)",7,7,Mathematics,Functions,Functions,Functions,correct,1,,
S020,Q14,What is the domain of f(x) = 1/x?,All real numbers except 0,All real numbers except 0,Mathematics,Functions,Functions,Functions,correct,1,,
S020,Q15,"If f(x) = x² and g(x) = x+1, find f(g(2))",9,9,Mathematics,Functions,Functions,Functions,correct,1,,
S020,Q16,Find the y-intercept of f(x) = 3x - 6,-6,-6,Mathematics,Functions,Functions,Functions,correct,1,,
S020,Q17,Solve: 2x + 3 > 7,x < 2,x > 2,Mathematics,Algebra,Inequalities,Inequalities,incorrect,0,Arithmetic error,Arithmetic error
S020,Q18,Solve: -3x < 9,x > -3,x > -3,Mathematics,Algebra,Inequalities,Inequalities,correct,1,,
S020,Q19,Solve: |x| ≤ 5,-5 ≤ x ≤ 5,-5 ≤ x ≤ 5,Mathematics,Algebra,Inequalities,Inequalities,correct,1,,
S020,Q20,Graph the solution: x ≥ -2,"Open circle at -2, shade right","Closed circle at -2, shade right",Mathematics,Algebra,Inequalities,Inequalities,incorrect,0,Inequality symbol confusion,Inequality symbol confusion
S021,Q01,Solve for x: 2x + 4 = 10,x = 5,x = 3,Mathematics,Algebra,Linear Equations,Linear Equations,incorrect,0,Arithmetic error,Arithmetic error
S021,Q02,Solve for x: 3x - 6 = 9,x = 5,x = 5,Mathematics,Algebra,Linear Equations,Linear Equations,correct,1,,
S021,Q03,Solve for x: x/2 + 3 = 7,x = 2,x = 8,Mathematics,Algebra,Linear Equations,Linear Equations,incorrect,0,Order of operations,Order of operations
S021,Q04,Solve for x: 5x = 25,x = 20,x = 5,Mathematics,Algebra,Linear Equations,Linear Equations,incorrect,0,Division error,Division error
S021,Q05,Factor: x² + 5x + 6,(x+1)(x+6),(x+2)(x+3),Mathematics,Algebra,Factorization,Factorization,incorrect,0,Incorrect factor-pair selection,Incorrect factor-pair selection
S021,Q06,Factor: x² + 7x + 12,(x+2)(x+6),(x+3)(x+4),Mathematics,Algebra,Factorization,Factorization,incorrect,0,Incorrect factor-pair selection,Incorrect factor-pair selection
S021,Q07,Factor: x² - 9,(x-3)(x-3),(x+3)(x-3),Mathematics,Algebra,Factorization,Factorization,incorrect,0,Difference of squares confusion,Difference of squares confusion
S021,Q08,Factor: 2x² + 6x,2x(x+3),2x(x+3),Mathematics,Algebra,Factorization,Factorization,correct,1,,
S021,Q09,Solve: x² - 5x + 6 = 0,"x = 1, x = 6","x = 2, x = 3",Mathematics,Algebra,Quadratic Equations,Quadratic Equations,incorrect,0,Sign error in roots,Sign error in roots
S021,Q10,What is the discriminant of x² + 4x + 4 = 0?,16,0,Mathematics,Algebra,Quadratic Equations,Quadratic Equations,incorrect,0,Discriminant formula error,Discriminant formula error
S021,Q11,Solve: x² = 16,"x = 4, x = -4","x = 4, x = -4",Mathematics,Algebra,Quadratic Equations,Quadratic Equations,correct,1,,
S021,Q12,Solve using quadratic formula: x² - 3x - 10 = 0,"x = 10, x = -1","x = 5, x = -2",Mathematics,Algebra,Quadratic Equations,Quadratic Equations,incorrect,0,Formula application error,Formula application error
S021,Q13,"If f(x) = 2x + 1, find f(3)",5,7,Mathematics,Functions,Functions,Functions,incorrect,0,Substitution error,Substitution error
S021,Q14,What is the domain of f(x) = 1/x?,All real numbers except 0,All real numbers except 0,Mathematics,Functions,Functions,Functions,correct,1,,
S021,Q15,"If f(x) = x² and g(x) = x+1, find f(g(2))",4,9,Mathematics,Functions,Functions,Functions,incorrect,0,Composition order error,Composition order error
S021,Q16,Find the y-intercept of f(x) = 3x - 6,2,-6,Mathematics,Functions,Functions,Functions,incorrect,0,Intercept identification error,Intercept identification error
S021,Q17,Solve: 2x + 3 > 7,x > 5,x > 2,Mathematics,Algebra,Inequalities,Inequalities,incorrect,0,Arithmetic error,Arithmetic error
S021,Q18,Solve: -3x < 9,x < -3,x > -3,Mathematics,Algebra,Inequalities,Inequalities,incorrect,0,Sign flip with negative division,Sign flip with negative division
S021,Q19,Solve: |x| ≤ 5,x ≤ 5,-5 ≤ x ≤ 5,Mathematics,Algebra,Inequalities,Inequalities,incorrect,0,Absolute value misunderstanding,Absolute value misunderstanding
S021,Q20,Graph the solution: x ≥ -2,"Open circle at -2, shade right","Closed circle at -2, shade right",Mathematics,Algebra,Inequalities,Inequalities,incorrect,0,Inequality symbol confusion,Inequality symbol confusion
S022,Q01,Solve for x: 2x + 4 = 10,x = 3,x = 3,Mathematics,Algebra,Linear Equations,Linear Equations,correct,1,,
S022,Q02,Solve for x: 3x - 6 = 9,x = 15,x = 5,Mathematics,Algebra,Linear Equations,Linear Equations,incorrect,0,Sign error,Sign error
S022,Q03,Solve for x: x/2 + 3 = 7,x = 8,x = 8,Mathematics,Algebra,Linear Equations,Linear Equations,correct,1,,
S022,Q04,Solve for x: 5x = 25,x = 30,x = 5,Mathematics,Algebra,Linear Equations,Linear Equations,incorrect,0,Division error,Division error
S022,Q05,Factor: x² + 5x + 6,(x+2)(x+3),(x+2)(x+3),Mathematics,Algebra,Factorization,Factorization,correct,1,,
S022,Q06,Factor: x² + 7x + 12,(x+1)(x+12),(x+3)(x+4),Mathematics,Algebra,Factorization,Factorization,incorrect,0,Incorrect factor-pair selection,Incorrect factor-pair selection
S022,Q07,Factor: x² - 9,(x-9)(x+1),(x+3)(x-3),Mathematics,Algebra,Factorization,Factorization,incorrect,0,Difference of squares confusion,Difference of squares confusion
S022,Q08,Factor: 2x² + 6x,2(x²+3x),2x(x+3),Mathematics,Algebra,Factorization,Factorization,incorrect,0,Incomplete factoring,Incomplete factoring
S022,Q09,Solve: x² - 5x + 6 = 0,"x = -2, x = -3","x = 2, x = 3",Mathematics,Algebra,Quadratic Equations,Quadratic Equations,incorrect,0,Sign error in roots,Sign error in roots
S022,Q10,What is the discriminant of x² + 4x + 4 = 0?,16,0,Mathematics,Algebra,Quadratic Equations,Quadratic Equations,incorrect,0,Discriminant formula error,Discriminant formula error
S022,Q11,Solve: x² = 16,"x = 4, x = -4","x = 4, x = -4",Mathematics,Algebra,Quadratic Equations,Quadratic Equations,correct,1,,
S022,Q12,Solve using quadratic formula: x² - 3x - 10 = 0,"x = 5, x = -2","x = 5, x = -2",Mathematics,Algebra,Quadratic Equations,Quadratic Equations,correct,1,,
S022,Q13,"If f(x) = 2x + 1, find f(3)",7,7,Mathematics,Functions,Functions,Functions,correct,1,,
S022,Q14,What is the domain of f(x) = 1/x?,All real numbers except 0,All real numbers except 0,Mathematics,Functions,Functions,Functions,correct,1,,
S022,Q15,"If f(x) = x² and g(x) = x+1, find f(g(2))",6,9,Mathematics,Functions,Functions,Functions,incorrect,0,Composition order error,Composition order error
S022,Q16,Find the y-intercept of f(x) = 3x - 6,-6,-6,Mathematics,Functions,Functions,Functions,correct,1,,
S022,Q17,Solve: 2x + 3 > 7,x > 3.5,x > 2,Mathematics,Algebra,Inequalities,Inequalities,incorrect,0,Arithmetic error,Arithmetic error
S022,Q18,Solve: -3x < 9,x < 3,x > -3,Mathematics,Algebra,Inequalities,Inequalities,incorrect,0,Sign flip with negative division,Sign flip with negative division
S022,Q19,Solve: |x| ≤ 5,-5 ≤ x ≤ 5,-5 ≤ x ≤ 5,Mathematics,Algebra,Inequalities,Inequalities,correct,1,,
S022,Q20,Graph the solution: x ≥ -2,"Closed circle at -2, shade right","Closed circle at -2, shade right",Mathematics,Algebra,Inequalities,Inequalities,correct,1,,
S023,Q01,Solve for x: 2x + 4 = 10,x = 3,x = 3,Mathematics,Algebra,Linear Equations,Linear Equations,correct,1,,
S023,Q02,Solve for x: 3x - 6 = 9,x = 5,x = 5,Mathematics,Algebra,Linear Equations,Linear Equations,correct,1,,
S023,Q03,Solve for x: x/2 + 3 = 7,x = 8,x = 8,Mathematics,Algebra,Linear Equations,Linear Equations,correct,1,,
S023,Q04,Solve for x: 5x = 25,x = 5,x = 5,Mathematics,Algebra,Linear Equations,Linear Equations,correct,1,,
S023,Q05,Factor: x² + 5x + 6,(x+2)(x+3),(x+2)(x+3),Mathematics,Algebra,Factorization,Factorization,correct,1,,
S023,Q06,Factor: x² + 7x + 12,(x+3)(x+4),(x+3)(x+4),Mathematics,Algebra,Factorization,Factorization,correct,1,,
S023,Q07,Factor: x² - 9,(x+9)(x-1),(x+3)(x-3),Mathematics,Algebra,Factorization,Factorization,incorrect,0,Difference of squares confusion,Difference of squares confusion
S023,Q08,Factor: 2x² + 6x,x(2x+6),2x(x+3),Mathematics,Algebra,Factorization,Factorization,incorrect,0,Incomplete factoring,Incomplete factoring
S023,Q09,Solve: x² - 5x + 6 = 0,"x = -2, x = -3","x = 2, x = 3",Mathematics,Algebra,Quadratic Equations,Quadratic Equations,incorrect,0,Sign error in roots,Sign error in roots
S023,Q10,What is the discriminant of x² + 4x + 4 = 0?,-16,0,Mathematics,Algebra,Quadratic Equations,Quadratic Equations,incorrect,0,Discriminant formula error,Discriminant formula error
S023,Q11,Solve: x² = 16,"x = 4, x = -4","x = 4, x = -4",Mathematics,Algebra,Quadratic Equations,Quadratic Equations,correct,1,,
S023,Q12,Solve using quadratic formula: x² - 3x - 10 = 0,"x = 5, x = -2","x = 5, x = -2",Mathematics,Algebra,Quadratic Equations,Quadratic Equations,correct,1,,
S023,Q13,"If f(x) = 2x + 1, find f(3)",5,7,Mathematics,Functions,Functions,Functions,incorrect,0,Substitution error,Substitution error
S023,Q14,What is the domain of f(x) = 1/x?,x ≥ 0,All real numbers except 0,Mathematics,Functions,Functions,Functions,incorrect,0,Domain restriction oversight,Domain restriction oversight
S023,Q15,"If f(x) = x² and g(x) = x+1, find f(g(2))",9,9,Mathematics,Functions,Functions,Functions,correct,1,,
S023,Q16,Find the y-intercept of f(x) = 3x - 6,3,-6,Mathematics,Functions,Functions,Functions,incorrect,0,Intercept identification error,Intercept identification error
S023,Q17,Solve: 2x + 3 > 7,x < 2,x > 2,Mathematics,Algebra,Inequalities,Inequalities,incorrect,0,Arithmetic error,Arithmetic error
S023,Q18,Solve: -3x < 9,x < -3,x > -3,Mathematics,Algebra,Inequalities,Inequalities,incorrect,0,Sign flip with negative division,Sign flip with negative division
S023,Q19,Solve: |x| ≤ 5,-5 ≤ x ≤ 5,-5 ≤ x ≤ 5,Mathematics,Algebra,Inequalities,Inequalities,correct,1,,
S023,Q20,Graph the solution: x ≥ -2,"Closed circle at -2, shade right","Closed circle at -2, shade right",Mathematics,Algebra,Inequalities,Inequalities,correct,1,,
S024,Q01,Solve for x: 2x + 4 = 10,x = 3,x = 3,Mathematics,Algebra,Linear Equations,Linear Equations,correct,1,,
S024,Q02,Solve for x: 3x - 6 = 9,x = 5,x = 5,Mathematics,Algebra,Linear Equations,Linear Equations,correct,1,,
S024,Q03,Solve for x: x/2 + 3 = 7,x = 8,x = 8,Mathematics,Algebra,Linear Equations,Linear Equations,correct,1,,
S024,Q04,Solve for x: 5x = 25,x = 125,x = 5,Mathematics,Algebra,Linear Equations,Linear Equations,incorrect,0,Division error,Division error
S024,Q05,Factor: x² + 5x + 6,(x+2)(x+2),(x+2)(x+3),Mathematics,Algebra,Factorization,Factorization,incorrect,0,Incorrect factor-pair selection,Incorrect factor-pair selection
S024,Q06,Factor: x² + 7x + 12,(x+2)(x+6),(x+3)(x+4),Mathematics,Algebra,Factorization,Factorization,incorrect,0,Incorrect factor-pair selection,Incorrect factor-pair selection
S024,Q07,Factor: x² - 9,(x-9)(x+1),(x+3)(x-3),Mathematics,Algebra,Factorization,Factorization,incorrect,0,Difference of squares confusion,Difference of squares confusion
S024,Q08,Factor: 2x² + 6x,x(2x+6),2x(x+3),Mathematics,Algebra,Factorization,Factorization,incorrect,0,Incomplete factoring,Incomplete factoring
S024,Q09,Solve: x² - 5x + 6 = 0,"x = 2, x = 3","x = 2, x = 3",Mathematics,Algebra,Quadratic Equations,Quadratic Equations,correct,1,,
S024,Q10,What is the discriminant of x² + 4x + 4 = 0?,0,0,Mathematics,Algebra,Quadratic Equations,Quadratic Equations,correct,1,,
S024,Q11,Solve: x² = 16,x = 8,"x = 4, x = -4",Mathematics,Algebra,Quadratic Equations,Quadratic Equations,incorrect,0,Missing negative root,Missing negative root
S024,Q12,Solve using quadratic formula: x² - 3x - 10 = 0,"x = 5, x = 2","x = 5, x = -2",Mathematics,Algebra,Quadratic Equations,Quadratic Equations,incorrect,0,Formula application error,Formula application error
S024,Q13,"If f(x) = 2x + 1, find f(3)",7,7,Mathematics,Functions,Functions,Functions,correct,1,,
S024,Q14,What is the domain of f(x) = 1/x?,All real numbers,All real numbers except 0,Mathematics,Functions,Functions,Functions,incorrect,0,Domain restriction oversight,Domain restriction oversight
S024,Q15,"If f(x) = x² and g(x) = x+1, find f(g(2))",6,9,Mathematics,Functions,Functions,Functions,incorrect,0,Composition order error,Composition order error
S024,Q16,Find the y-intercept of f(x) = 3x - 6,2,-6,Mathematics,Functions,Functions,Functions,incorrect,0,Intercept identification error,Intercept identification error
S024,Q17,Solve: 2x + 3 > 7,x < 2,x > 2,Mathematics,Algebra,Inequalities,Inequalities,incorrect,0,Arithmetic error,Arithmetic error
S024,Q18,Solve: -3x < 9,x < -3,x > -3,Mathematics,Algebra,Inequalities,Inequalities,incorrect,0,Sign flip with negative division,Sign flip with negative division
S024,Q19,Solve: |x| ≤ 5,x ≤ 5,-5 ≤ x ≤ 5,Mathematics,Algebra,Inequalities,Inequalities,incorrect,0,Absolute value misunderstanding,Absolute value misunderstanding
S024,Q20,Graph the solution: x ≥ -2,"Closed circle at -2, shade right","Closed circle at -2, shade right",Mathematics,Algebra,Inequalities,Inequalities,correct,1,,
S025,Q01,Solve for x: 2x + 4 = 10,x = 2,x = 3,Mathematics,Algebra,Linear Equations,Linear Equations,incorrect,0,Arithmetic error,Arithmetic error
S025,Q02,Solve for x: 3x - 6 = 9,x = 3,x = 5,Mathematics,Algebra,Linear Equations,Linear Equations,incorrect,0,Sign error,Sign error
S025,Q03,Solve for x: x/2 + 3 = 7,x = 8,x = 8,Mathematics,Algebra,Linear Equations,Linear Equations,correct,1,,
S025,Q04,Solve for x: 5x = 25,x = 5,x = 5,Mathematics,Algebra,Linear Equations,Linear Equations,correct,1,,
S025,Q05,Factor: x² + 5x + 6,(x+1)(x+6),(x+2)(x+3),Mathematics,Algebra,Factorization,Factorization,incorrect,0,Incorrect factor-pair selection,Incorrect factor-pair selection
S025,Q06,Factor: x² + 7x + 12,(x+1)(x+12),(x+3)(x+4),Mathematics,Algebra,Factorization,Factorization,incorrect,0,Incorrect factor-pair selection,Incorrect factor-pair selection
S025,Q07,Factor: x² - 9,(x+3)(x-3),(x+3)(x-3),Mathematics,Algebra,Factorization,Factorization,correct,1,,
S025,Q08,Factor: 2x² + 6x,2(x²+3x),2x(x+3),Mathematics,Algebra,Factorization,Factorization,incorrect,0,Incomplete factoring,Incomplete factoring
S025,Q09,Solve: x² - 5x + 6 = 0,"x = -2, x = -3","x = 2, x = 3",Mathematics,Algebra,Quadratic Equations,Quadratic Equations,incorrect,0,Sign error in roots,Sign error in roots
S025,Q10,What is the discriminant of x² + 4x + 4 = 0?,0,0,Mathematics,Algebra,Quadratic Equations,Quadratic Equations,correct,1,,
S025,Q11,Solve: x² = 16,x = 8,"x = 4, x = -4",Mathematics,Algebra,Quadratic Equations,Quadratic Equations,incorrect,0,Missing negative root,Missing negative root
S025,Q12,Solve using quadratic formula: x² - 3x - 10 = 0,"x = 5, x = 2","x = 5, x = -2",Mathematics,Algebra,Quadratic Equations,Quadratic Equations,incorrect,0,Formula application error,Formula application error
S025,Q13,"If f(x) = 2x + 1, find f(3)",6,7,Mathematics,Functions,Functions,Functions,incorrect,0,Substitution error,Substitution error
S025,Q14,What is the domain of f(x) = 1/x?,All real numbers,All real numbers except 0,Mathematics,Functions,Functions,Functions,incorrect,0,Domain restriction oversight,Domain restriction oversight
S025,Q15,"If f(x) = x² and g(x) = x+1, find f(g(2))",6,9,Mathematics,Functions,Functions,Functions,incorrect,0,Composition order error,Composition order error
S025,Q16,Find the y-intercept of f(x) = 3x - 6,6,-6,Mathematics,Functions,Functions,Functions,incorrect,0,Intercept identification error,Intercept identification error
S025,Q17,Solve: 2x + 3 > 7,x < 2,x > 2,Mathematics,Algebra,Inequalities,Inequalities,incorrect,0,Arithmetic error,Arithmetic error
S025,Q18,Solve: -3x < 9,x < 3,x > -3,Mathematics,Algebra,Inequalities,Inequalities,incorrect,0,Sign flip with negative division,Sign flip with negative division
S025,Q19,Solve: |x| ≤ 5,x ≤ 5,-5 ≤ x ≤ 5,Mathematics,Algebra,Inequalities,Inequalities,incorrect,0,Absolute value misunderstanding,Absolute value misunderstanding
S025,Q20,Graph the solution: x ≥ -2,"Open circle at 2, shade right","Closed circle at -2, shade right",Mathematics,Algebra,Inequalities,Inequalities,incorrect,0,Inequality symbol confusion,Inequality symbol confusion
S026,Q01,Solve for x: 2x + 4 = 10,x = 3,x = 3,Mathematics,Algebra,Linear Equations,Linear Equations,correct,1,,
S026,Q02,Solve for x: 3x - 6 = 9,x = 3,x = 5,Mathematics,Algebra,Linear Equations,Linear Equations,incorrect,0,Sign error,Sign error
S026,Q03,Solve for x: x/2 + 3 = 7,x = 4,x = 8,Mathematics,Algebra,Linear Equations,Linear Equations,incorrect,0,Order of operations,Order of operations
S026,Q04,Solve for x: 5x = 25,x = 5,x = 5,Mathematics,Algebra,Linear Equations,Linear Equations,correct,1,,
S026,Q05,Factor: x² + 5x + 6,(x+1)(x+6),(x+2)(x+3),Mathematics,Algebra,Factorization,Factorization,incorrect,0,Incorrect factor-pair selection,Incorrect factor-pair selection
S026,Q06,Factor: x² + 7x + 12,(x+4)(x+4),(x+3)(x+4),Mathematics,Algebra,Factorization,Factorization,incorrect,0,Incorrect factor-pair selection,Incorrect factor-pair selection
S026,Q07,Factor: x² - 9,(x-3)(x-3),(x+3)(x-3),Mathematics,Algebra,Factorization,Factorization,incorrect,0,Difference of squares confusion,Difference of squares confusion
S026,Q08,Factor: 2x² + 6x,2x(x+6),2x(x+3),Mathematics,Algebra,Factorization,Factorization,incorrect,0,Incomplete factoring,Incomplete factoring
S026,Q09,Solve: x² - 5x + 6 = 0,"x = -2, x = -3","x = 2, x = 3",Mathematics,Algebra,Quadratic Equations,Quadratic Equations,incorrect,0,Sign error in roots,Sign error in roots
S026,Q10,What is the discriminant of x² + 4x + 4 = 0?,0,0,Mathematics,Algebra,Quadratic Equations,Quadratic Equations,correct,1,,
S026,Q11,Solve: x² = 16,"x = 4, x = -4","x = 4, x = -4",Mathematics,Algebra,Quadratic Equations,Quadratic Equations,correct,1,,
S026,Q12,Solve using quadratic formula: x² - 3x - 10 = 0,"x = 5, x = -2","x = 5, x = -2",Mathematics,Algebra,Quadratic Equations,Quadratic Equations,correct,1,,
S026,Q13,"If f(x) = 2x + 1, find f(3)",7,7,Mathematics,Functions,Functions,Functions,correct,1,,
S026,Q14,What is the domain of f(x) = 1/x?,All real numbers,All real numbers except 0,Mathematics,Functions,Functions,Functions,incorrect,0,Domain restriction oversight,Domain restriction oversight
S026,Q15,"If f(x) = x² and g(x) = x+1, find f(g(2))",4,9,Mathematics,Functions,Functions,Functions,incorrect,0,Composition order error,Composition order error
S026,Q16,Find the y-intercept of f(x) = 3x - 6,-6,-6,Mathematics,Functions,Functions,Functions,correct,1,,
S026,Q17,Solve: 2x + 3 > 7,x < 2,x > 2,Mathematics,Algebra,Inequalities,Inequalities,incorrect,0,Arithmetic error,Arithmetic error
S026,Q18,Solve: -3x < 9,x > -3,x > -3,Mathematics,Algebra,Inequalities,Inequalities,correct,1,,
S026,Q19,Solve: |x| ≤ 5,-5 ≤ x ≤ 5,-5 ≤ x ≤ 5,Mathematics,Algebra,Inequalities,Inequalities,correct,1,,
S026,Q20,Graph the solution: x ≥ -2,"Closed circle at -2, shade left","Closed circle at -2, shade right",Mathematics,Algebra,Inequalities,Inequalities,incorrect,0,Inequality symbol confusion,Inequality symbol confusion
S027,Q01,Solve for x: 2x + 4 = 10,x = 3,x = 3,Mathematics,Algebra,Linear Equations,Linear Equations,correct,1,,
S027,Q02,Solve for x: 3x - 6 = 9,x = 1,x = 5,Mathematics,Algebra,Linear Equations,Linear Equations,incorrect,0,Sign error,Sign error
S027,Q03,Solve for x: x/2 + 3 = 7,x = 8,x = 8,Mathematics,Algebra,Linear Equations,Linear Equations,correct,1,,
S027,Q04,Solve for x: 5x = 25,x = 5,x = 5,Mathematics,Algebra,Linear Equations,Linear Equations,correct,1,,
S027,Q05,Factor: x² + 5x + 6,(x+2)(x+2),(x+2)(x+3),Mathematics,Algebra,Factorization,Factorization,incorrect,0,Incorrect factor-pair selection,Incorrect factor-pair selection
S027,Q06,Factor: x² + 7x + 12,(x+3)(x+4),(x+3)(x+4),Mathematics,Algebra,Factorization,Factorization,correct,1,,
S027,Q07,Factor: x² - 9,(x-9)(x+1),(x+3)(x-3),Mathematics,Algebra,Factorization,Factorization,incorrect,0,Difference of squares confusion,Difference of squares confusion
S027,Q08,Factor: 2x² + 6x,2x(x+6),2x(x+3),Mathematics,Algebra,Factorization,Factorization,incorrect,0,Incomplete factoring,Incomplete factoring
S027,Q09,Solve: x² - 5x + 6 = 0,"x = -2, x = -3","x = 2, x = 3",Mathematics,Algebra,Quadratic Equations,Quadratic Equations,incorrect,0,Sign error in roots,Sign error in roots
S027,Q10,What is the discriminant of x² + 4x + 4 = 0?,-16,0,Mathematics,Algebra,Quadratic Equations,Quadratic Equations,incorrect,0,Discriminant formula error,Discriminant formula error
S027,Q11,Solve: x² = 16,x = 8,"x = 4, x = -4",Mathematics,Algebra,Quadratic Equations,Quadratic Equations,incorrect,0,Missing negative root,Missing negative root
S027,Q12,Solve using quadratic formula: x² - 3x - 10 = 0,"x = 5, x = -2","x = 5, x = -2",Mathematics,Algebra,Quadratic Equations,Quadratic Equations,correct,1,,
S027,Q13,"If f(x) = 2x + 1, find f(3)",7,7,Mathematics,Functions,Functions,Functions,correct,1,,
S027,Q14,What is the domain of f(x) = 1/x?,x > 0,All real numbers except 0,Mathematics,Functions,Functions,Functions,incorrect,0,Domain restriction oversight,Domain restriction oversight
S027,Q15,"If f(x) = x² and g(x) = x+1, find f(g(2))",5,9,Mathematics,Functions,Functions,Functions,incorrect,0,Composition order error,Composition order error
S027,Q16,Find the y-intercept of f(x) = 3x - 6,3,-6,Mathematics,Functions,Functions,Functions,incorrect,0,Intercept identification error,Intercept identification error
S027,Q17,Solve: 2x + 3 > 7,x > 5,x > 2,Mathematics,Algebra,Inequalities,Inequalities,incorrect,0,Arithmetic error,Arithmetic error
S027,Q18,Solve: -3x < 9,x < -3,x > -3,Mathematics,Algebra,Inequalities,Inequalities,incorrect,0,Sign flip with negative division,Sign flip with negative division
S027,Q19,Solve: |x| ≤ 5,x ≤ 5,-5 ≤ x ≤ 5,Mathematics,Algebra,Inequalities,Inequalities,incorrect,0,Absolute value misunderstanding,Absolute value misunderstanding
S027,Q20,Graph the solution: x ≥ -2,"Open circle at 2, shade right","Closed circle at -2, shade right",Mathematics,Algebra,Inequalities,Inequalities,incorrect,0,Inequality symbol confusion,Inequality symbol confusion
S028,Q01,Solve for x: 2x + 4 = 10,x = 5,x = 3,Mathematics,Algebra,Linear Equations,Linear Equations,incorrect,0,Arithmetic error,Arithmetic error
S028,Q02,Solve for x: 3x - 6 = 9,x = 15,x = 5,Mathematics,Algebra,Linear Equations,Linear Equations,incorrect,0,Sign error,Sign error
S028,Q03,Solve for x: x/2 + 3 = 7,x = 8,x = 8,Mathematics,Algebra,Linear Equations,Linear Equations,correct,1,,
S028,Q04,Solve for x: 5x = 25,x = 20,x = 5,Mathematics,Algebra,Linear Equations,Linear Equations,incorrect,0,Division error,Division error
S028,Q05,Factor: x² + 5x + 6,(x+2)(x+3),(x+2)(x+3),Mathematics,Algebra,Factorization,Factorization,correct,1,,
S028,Q06,Factor: x² + 7x + 12,(x+4)(x+4),(x+3)(x+4),Mathematics,Algebra,Factorization,Factorization,incorrect,0,Incorrect factor-pair selection,Incorrect factor-pair selection
S028,Q07,Factor: x² - 9,(x+9)(x-1),(x+3)(x-3),Mathematics,Algebra,Factorization,Factorization,incorrect,0,Difference of squares confusion,Difference of squares confusion
S028,Q08,Factor: 2x² + 6x,x(2x+6),2x(x+3),Mathematics,Algebra,Factorization,Factorization,incorrect,0,Incomplete factoring,Incomplete factoring
S028,Q09,Solve: x² - 5x + 6 = 0,"x = 1, x = 6","x = 2, x = 3",Mathematics,Algebra,Quadratic Equations,Quadratic Equations,incorrect,0,Sign error in roots,Sign error in roots
S028,Q10,What is the discriminant of x² + 4x + 4 = 0?,16,0,Mathematics,Algebra,Quadratic Equations,Quadratic Equations,incorrect,0,Discriminant formula error,Discriminant formula error
S028,Q11,Solve: x² = 16,x = 8,"x = 4, x = -4",Mathematics,Algebra,Quadratic Equations,Quadratic Equations,incorrect,0,Missing negative root,Missing negative root
S028,Q12,Solve using quadratic formula: x² - 3x - 10 = 0,"x = 10, x = -1","x = 5, x = -2",Mathematics,Algebra,Quadratic Equations,Quadratic Equations,incorrect,0,Formula application error,Formula application error
S028,Q13,"If f(x) = 2x + 1, find f(3)",5,7,Mathematics,Functions,Functions,Functions,incorrect,0,Substitution error,Substitution error
S028,Q14,What is the domain of f(x) = 1/x?,All real numbers except 0,All real numbers except 0,Mathematics,Functions,Functions,Functions,correct,1,,
S028,Q15,"If f(x) = x² and g(x) = x+1, find f(g(2))",5,9,Mathematics,Functions,Functions,Functions,incorrect,0,Composition order error,Composition order error
S028,Q16,Find the y-intercept of f(x) = 3x - 6,2,-6,Mathematics,Functions,Functions,Functions,incorrect,0,Intercept identification error,Intercept identification error
S028,Q17,Solve: 2x + 3 > 7,x > 5,x > 2,Mathematics,Algebra,Inequalities,Inequalities,incorrect,0,Arithmetic error,Arithmetic error
S028,Q18,Solve: -3x < 9,x > 3,x > -3,Mathematics,Algebra,Inequalities,Inequalities,incorrect,0,Sign flip with negative division,Sign flip with negative division
S028,Q19,Solve: |x| ≤ 5,x ≤ 5,-5 ≤ x ≤ 5,Mathematics,Algebra,Inequalities,Inequalities,incorrect,0,Absolute value misunderstanding,Absolute value misunderstanding
S028,Q20,Graph the solution: x ≥ -2,"Closed circle at -2, shade left","Closed circle at -2, shade right",Mathematics,Algebra,Inequalities,Inequalities,incorrect,0,Inequality symbol confusion,Inequality symbol confusion
S029,Q01,Solve for x: 2x + 4 = 10,x = 2,x = 3,Mathematics,Algebra,Linear Equations,Linear Equations,incorrect,0,Arithmetic error,Arithmetic error
S029,Q02,Solve for x: 3x - 6 = 9,x = 1,x = 5,Mathematics,Algebra,Linear Equations,Linear Equations,incorrect,0,Sign error,Sign error
S029,Q03,Solve for x: x/2 + 3 = 7,x = 2,x = 8,Mathematics,Algebra,Linear Equations,Linear Equations,incorrect,0,Order of operations,Order of operations
S029,Q04,Solve for x: 5x = 25,x = 5,x = 5,Mathematics,Algebra,Linear Equations,Linear Equations,correct,1,,
S029,Q05,Factor: x² + 5x + 6,(x+2)(x+3),(x+2)(x+3),Mathematics,Algebra,Factorization,Factorization,correct,1,,
S029,Q06,Factor: x² + 7x + 12,(x+1)(x+12),(x+3)(x+4),Mathematics,Algebra,Factorization,Factorization,incorrect,0,Incorrect factor-pair selection,Incorrect factor-pair selection
S029,Q07,Factor: x² - 9,(x-9)(x+1),(x+3)(x-3),Mathematics,Algebra,Factorization,Factorization,incorrect,0,Difference of squares confusion,Difference of squares confusion
S029,Q08,Factor: 2x² + 6x,2x(x+3),2x(x+3),Mathematics,Algebra,Factorization,Factorization,correct,1,,
S029,Q09,Solve: x² - 5x + 6 = 0,"x = 1, x = 6","x = 2, x = 3",Mathematics,Algebra,Quadratic Equations,Quadratic Equations,incorrect,0,Sign error in roots,Sign error in roots
S029,Q10,What is the discriminant of x² + 4x + 4 = 0?,8,0,Mathematics,Algebra,Quadratic Equations,Quadratic Equations,incorrect,0,Discriminant formula error,Discriminant formula error
S029,Q11,Solve: x² = 16,x = 4,"x = 4, x = -4",Mathematics,Algebra,Quadratic Equations,Quadratic Equations,incorrect,0,Missing negative root,Missing negative root
S029,Q12,Solve using quadratic formula: x² - 3x - 10 = 0,"x = 10, x = -1","x = 5, x = -2",Mathematics,Algebra,Quadratic Equations,Quadratic Equations,incorrect,0,Formula application error,Formula application error
S029,Q13,"If f(x) = 2x + 1, find f(3)",7,7,Mathematics,Functions,Functions,Functions,correct,1,,
S029,Q14,What is the domain of f(x) = 1/x?,All real numbers except 0,All real numbers except 0,Mathematics,Functions,Functions,Functions,correct,1,,
S029,Q15,"If f(x) = x² and g(x) = x+1, find f(g(2))",5,9,Mathematics,Functions,Functions,Functions,incorrect,0,Composition order error,Composition order error
S029,Q16,Find the y-intercept of f(x) = 3x - 6,3,-6,Mathematics,Functions,Functions,Functions,incorrect,0,Intercept identification error,Intercept identification error
S029,Q17,Solve: 2x + 3 > 7,x > 3.5,x > 2,Mathematics,Algebra,Inequalities,Inequalities,incorrect,0,Arithmetic error,Arithmetic error
S029,Q18,Solve: -3x < 9,x < 3,x > -3,Mathematics,Algebra,Inequalities,Inequalities,incorrect,0,Sign flip with negative division,Sign flip with negative division
S029,Q19,Solve: |x| ≤ 5,x ≤ 5,-5 ≤ x ≤ 5,Mathematics,Algebra,Inequalities,Inequalities,incorrect,0,Absolute value misunderstanding,Absolute value misunderstanding
S029,Q20,Graph the solution: x ≥ -2,"Closed circle at -2, shade right","Closed circle at -2, shade right",Mathematics,Algebra,Inequalities,Inequalities,correct,1,,
S030,Q01,Solve for x: 2x + 4 = 10,x = 3,x = 3,Mathematics,Algebra,Linear Equations,Linear Equations,correct,1,,
S030,Q02,Solve for x: 3x - 6 = 9,x = 3,x = 5,Mathematics,Algebra,Linear Equations,Linear Equations,incorrect,0,Sign error,Sign error
S030,Q03,Solve for x: x/2 + 3 = 7,x = 8,x = 8,Mathematics,Algebra,Linear Equations,Linear Equations,correct,1,,
S030,Q04,Solve for x: 5x = 25,x = 20,x = 5,Mathematics,Algebra,Linear Equations,Linear Equations,incorrect,0,Division error,Division error
S030,Q05,Factor: x² + 5x + 6,(x+1)(x+6),(x+2)(x+3),Mathematics,Algebra,Factorization,Factorization,incorrect,0,Incorrect factor-pair selection,Incorrect factor-pair selection
S030,Q06,Factor: x² + 7x + 12,(x+1)(x+12),(x+3)(x+4),Mathematics,Algebra,Factorization,Factorization,incorrect,0,Incorrect factor-pair selection,Incorrect factor-pair selection
S030,Q07,Factor: x² - 9,(x+3)(x-3),(x+3)(x-3),Mathematics,Algebra,Factorization,Factorization,correct,1,,
S030,Q08,Factor: 2x² + 6x,2x(x+3),2x(x+3),Mathematics,Algebra,Factorization,Factorization,correct,1,,
S030,Q09,Solve: x² - 5x + 6 = 0,"x = 1, x = 6","x = 2, x = 3",Mathematics,Algebra,Quadratic Equations,Quadratic Equations,incorrect,0,Sign error in roots,Sign error in roots
S030,Q10,What is the discriminant of x² + 4x + 4 = 0?,-16,0,Mathematics,Algebra,Quadratic Equations,Quadratic Equations,incorrect,0,Discriminant formula error,Discriminant formula error
S030,Q11,Solve: x² = 16,x = 8,"x = 4, x = -4",Mathematics,Algebra,Quadratic Equations,Quadratic Equations,incorrect,0,Missing negative root,Missing negative root
S030,Q12,Solve using quadratic formula: x² - 3x - 10 = 0,"x = 5, x = -2","x = 5, x = -2",Mathematics,Algebra,Quadratic Equations,Quadratic Equations,correct,1,,
S030,Q13,"If f(x) = 2x + 1, find f(3)",7,7,Mathematics,Functions,Functions,Functions,correct,1,,
S030,Q14,What is the domain of f(x) = 1/x?,All real numbers,All real numbers except 0,Mathematics,Functions,Functions,Functions,incorrect,0,Domain restriction oversight,Domain restriction oversight
S030,Q15,"If f(x) = x² and g(x) = x+1, find f(g(2))",5,9,Mathematics,Functions,Functions,Functions,incorrect,0,Composition order error,Composition order error
S030,Q16,Find the y-intercept of f(x) = 3x - 6,-6,-6,Mathematics,Functions,Functions,Functions,correct,1,,
S030,Q17,Solve: 2x + 3 > 7,x > 5,x > 2,Mathematics,Algebra,Inequalities,Inequalities,incorrect,0,Arithmetic error,Arithmetic error
S030,Q18,Solve: -3x < 9,x > -3,x > -3,Mathematics,Algebra,Inequalities,Inequalities,correct,1,,
S030,Q19,Solve: |x| ≤ 5,x ≤ 5,-5 ≤ x ≤ 5,Mathematics,Algebra,Inequalities,Inequalities,incorrect,0,Absolute value misunderstanding,Absolute value misunderstanding
S030,Q20,Graph the solution: x ≥ -2,"Closed circle at -2, shade right","Closed circle at -2, shade right",Mathematics,Algebra,Inequalities,Inequalities,correct,1,,
S031,Q03,Solve for x: x/2 + 3 = 7,x = 8,x = 8,Mathematics,Algebra,Linear Equations,Linear Equations,correct,1,,
S031,Q02,Solve for x: 3x - 6 = 9,x = 5,x = 5,Mathematics,Algebra,Linear Equations,Linear Equations,correct,1,,
S031,Q05,Factor: x² + 5x + 6,(x+2)(x+3),(x+2)(x+3),Mathematics,Algebra,Factorization,Factorization,correct,1,,
S031,Q06,Factor: x² + 7x + 12,(x+4)(x+4),(x+3)(x+4),Mathematics,Algebra,Factorization,Factorization,incorrect,0,Incorrect factor-pair selection,Incorrect factor-pair selection
S031,Q07,Factor: x² - 9,(x+9)(x-1),(x+3)(x-3),Mathematics,Algebra,Factorization,Factorization,incorrect,0,Difference of squares confusion,Difference of squares confusion
S031,Q08,Factor: 2x² + 6x,x(2x+6),2x(x+3),Mathematics,Algebra,Factorization,Factorization,incorrect,0,Incomplete factoring,Incomplete factoring
S031,Q09,Solve: x² - 5x + 6 = 0,"x = -2, x = -3","x = 2, x = 3",Mathematics,Algebra,Quadratic Equations,Quadratic Equations,incorrect,0,Sign error in roots,Sign error in roots
S031,Q10,What is the discriminant of x² + 4x + 4 = 0?,0,0,Mathematics,Algebra,Quadratic Equations,Quadratic Equations,correct,1,,
S031,Q11,Solve: x² = 16,x = 8,"x = 4, x = -4",Mathematics,Algebra,Quadratic Equations,Quadratic Equations,incorrect,0,Missing negative root,Missing negative root
S031,Q12,Solve using quadratic formula: x² - 3x - 10 = 0,"x = 5, x = -2","x = 5, x = -2",Mathematics,Algebra,Quadratic Equations,Quadratic Equations,correct,1,,
S031,Q13,"If f(x) = 2x + 1, find f(3)",5,7,Mathematics,Functions,Functions,Functions,incorrect,0,Substitution error,Substitution error
S031,Q14,What is the domain of f(x) = 1/x?,All real numbers except 0,All real numbers except 0,Mathematics,Functions,Functions,Functions,correct,1,,
S031,Q15,"If f(x) = x² and g(x) = x+1, find f(g(2))",6,9,Mathematics,Functions,Functions,Functions,incorrect,0,Composition order error,Composition order error
S031,Q16,Find the y-intercept of f(x) = 3x - 6,-6,-6,Mathematics,Functions,Functions,Functions,correct,1,,
S031,Q17,Solve: 2x + 3 > 7,x > 2,x > 2,Mathematics,Algebra,Inequalities,Inequalities,correct,1,,
S031,Q18,Solve: -3x < 9,x < -3,x > -3,Mathematics,Algebra,Inequalities,Inequalities,incorrect,0,Sign flip with negative division,Sign flip with negative division
S031,Q19,Solve: |x| ≤ 5,-5 ≤ x ≤ 5,-5 ≤ x ≤ 5,Mathematics,Algebra,Inequalities,Inequalities,correct,1,,
S031,Q20,Graph the solution: x ≥ -2,"Closed circle at -2, shade right","Closed circle at -2, shade right",Mathematics,Algebra,Inequalities,Inequalities,correct,1,,
S032,Q01,Solve for x: 2x + 4 = 10,x = 3,x = 3,Mathematics,Algebra,Linear Equations,Linear Equations,correct,1,,
S032,Q02,Solve for x: 3x - 6 = 9,x = 5,x = 5,Mathematics,Algebra,Linear Equations,Linear Equations,correct,1,,
S032,Q03,Solve for x: x/2 + 3 = 7,x = 8,x = 8,Mathematics,Algebra,Linear Equations,Linear Equations,correct,1,,
S032,Q04,Solve for x: 5x = 25,x = 20,x = 5,Mathematics,Algebra,Linear Equations,Linear Equations,incorrect,0,Division error,Division error
S032,Q05,Factor: x² + 5x + 6,(x+1)(x+6),(x+2)(x+3),Mathematics,Algebra,Factorization,Factorization,incorrect,0,Incorrect factor-pair selection,Incorrect factor-pair selection
S032,Q06,Factor: x² + 7x + 12,(x+1)(x+12),(x+3)(x+4),Mathematics,Algebra,Factorization,Factorization,incorrect,0,Incorrect factor-pair selection,Incorrect factor-pair selection
S032,Q07,Factor: x² - 9,(x-9)(x+1),(x+3)(x-3),Mathematics,Algebra,Factorization,Factorization,incorrect,0,Difference of squares confusion,Difference of squares confusion
S032,Q08,Factor: 2x² + 6x,2x(x+6),2x(x+3),Mathematics,Algebra,Factorization,Factorization,incorrect,0,Incomplete factoring,Incomplete factoring
S032,Q09,Solve: x² - 5x + 6 = 0,"x = 2, x = 3","x = 2, x = 3",Mathematics,Algebra,Quadratic Equations,Quadratic Equations,correct,1,,
S032,Q10,What is the discriminant of x² + 4x + 4 = 0?,8,0,Mathematics,Algebra,Quadratic Equations,Quadratic Equations,incorrect,0,Discriminant formula error,Discriminant formula error
S032,Q11,Solve: x² = 16,x = 4,"x = 4, x = -4",Mathematics,Algebra,Quadratic Equations,Quadratic Equations,incorrect,0,Missing negative root,Missing negative root
S032,Q12,Solve using quadratic formula: x² - 3x - 10 = 0,"x = 10, x = -1","x = 5, x = -2",Mathematics,Algebra,Quadratic Equations,Quadratic Equations,incorrect,0,Formula application error,Formula application error
S032,Q13,"If f(x) = 2x + 1, find f(3)",7,7,Mathematics,Functions,Functions,Functions,correct,1,,
S032,Q14,What is the domain of f(x) = 1/x?,All real numbers except 0,All real numbers except 0,Mathematics,Functions,Functions,Functions,correct,1,,
S032,Q15,"If f(x) = x² and g(x) = x+1, find f(g(2))",9,9,Mathematics,Functions,Functions,Functions,correct,1,,
S032,Q16,Find the y-intercept of f(x) = 3x - 6,6,-6,Mathematics,Functions,Functions,Functions,incorrect,0,Intercept identification error,Intercept identification error
S032,Q17,Solve: 2x + 3 > 7,x > 5,x > 2,Mathematics,Algebra,Inequalities,Inequalities,incorrect,0,Arithmetic error,Arithmetic error
S032,Q18,Solve: -3x < 9,x > -3,x > -3,Mathematics,Algebra,Inequalities,Inequalities,correct,1,,
S032,Q19,Solve: |x| ≤ 5,-5 ≤ x ≤ 5,-5 ≤ x ≤ 5,Mathematics,Algebra,Inequalities,Inequalities,correct,1,,
S032,Q20,Graph the solution: x ≥ -2,"Closed circle at -2, shade right","Closed circle at -2, shade right",Mathematics,Algebra,Inequalities,Inequalities,correct,1,,
S033,Q01,Solve for x: 2x + 4 = 10,x = 3,x = 3,Mathematics,Algebra,Linear Equations,Linear Equations,correct,1,,
S033,Q02,Solve for x: 3x - 6 = 9,x = 5,x = 5,Mathematics,Algebra,Linear Equations,Linear Equations,correct,1,,
S033,Q03,Solve for x: x/2 + 3 = 7,x = 4,x = 8,Mathematics,Algebra,Linear Equations,Linear Equations,incorrect,0,Order of operations,Order of operations
S033,Q04,Solve for x: 5x = 25,x = 5,x = 5,Mathematics,Algebra,Linear Equations,Linear Equations,correct,1,,
S033,Q05,Factor: x² + 5x + 6,(x+2)(x+2),(x+2)(x+3),Mathematics,Algebra,Factorization,Factorization,incorrect,0,Incorrect factor-pair selection,Incorrect factor-pair selection
S033,Q06,Factor: x² + 7x + 12,(x+4)(x+4),(x+3)(x+4),Mathematics,Algebra,Factorization,Factorization,incorrect,0,Incorrect factor-pair selection,Incorrect factor-pair selection
S033,Q07,Factor: x² - 9,(x-9)(x+1),(x+3)(x-3),Mathematics,Algebra,Factorization,Factorization,incorrect,0,Difference of squares confusion,Difference of squares confusion
S033,Q08,Factor: 2x² + 6x,2(x²+3x),2x(x+3),Mathematics,Algebra,Factorization,Factorization,incorrect,0,Incomplete factoring,Incomplete factoring
S033,Q09,Solve: x² - 5x + 6 = 0,"x = 2, x = 3","x = 2, x = 3",Mathematics,Algebra,Quadratic Equations,Quadratic Equations,correct,1,,
S033,Q10,What is the discriminant of x² + 4x + 4 = 0?,8,0,Mathematics,Algebra,Quadratic Equations,Quadratic Equations,incorrect,0,Discriminant formula error,Discriminant formula error
S033,Q11,Solve: x² = 16,x = 256,"x = 4, x = -4",Mathematics,Algebra,Quadratic Equations,Quadratic Equations,incorrect,0,Missing negative root,Missing negative root
S033,Q12,Solve using quadratic formula: x² - 3x - 10 = 0,"x = 5, x = 2","x = 5, x = -2",Mathematics,Algebra,Quadratic Equations,Quadratic Equations,incorrect,0,Formula application error,Formula application error
S033,Q13,"If f(x) = 2x + 1, find f(3)",6,7,Mathematics,Functions,Functions,Functions,incorrect,0,Substitution error,Substitution error
S033,Q14,What is the domain of f(x) = 1/x?,All real numbers,All real numbers except 0,Mathematics,Functions,Functions,Functions,incorrect,0,Domain restriction oversight,Domain restriction oversight
S033,Q15,"If f(x) = x² and g(x) = x+1, find f(g(2))",5,9,Mathematics,Functions,Functions,Functions,incorrect,0,Composition order error,Composition order error
S033,Q16,Find the y-intercept of f(x) = 3x - 6,-6,-6,Mathematics,Functions,Functions,Functions,correct,1,,
S033,Q17,Solve: 2x + 3 > 7,x > 5,x > 2,Mathematics,Algebra,Inequalities,Inequalities,incorrect,0,Arithmetic error,Arithmetic error
S033,Q18,Solve: -3x < 9,x < 3,x > -3,Mathematics,Algebra,Inequalities,Inequalities,incorrect,0,Sign flip with negative division,Sign flip with negative division
S033,Q19,Solve: |x| ≤ 5,-5 ≤ x ≤ 5,-5 ≤ x ≤ 5,Mathematics,Algebra,Inequalities,Inequalities,correct,1,,
S033,Q20,Graph the solution: x ≥ -2,"Closed circle at -2, shade right","Closed circle at -2, shade right",Mathematics,Algebra,Inequalities,Inequalities,correct,1,,
S034,Q01,Solve for x: 2x + 4 = 10,x = 7,x = 3,Mathematics,Algebra,Linear Equations,Linear Equations,incorrect,0,Arithmetic error,Arithmetic error
S034,Q02,Solve for x: 3x - 6 = 9,x = 5,x = 5,Mathematics,Algebra,Linear Equations,Linear Equations,correct,1,,
S034,Q03,Solve for x: x/2 + 3 = 7,x = 8,x = 8,Mathematics,Algebra,Linear Equations,Linear Equations,correct,1,,
S034,Q04,Solve for x: 5x = 25,x = 5,x = 5,Mathematics,Algebra,Linear Equations,Linear Equations,correct,1,,
S034,Q05,Factor: x² + 5x + 6,(x+1)(x+6),(x+2)(x+3),Mathematics,Algebra,Factorization,Factorization,incorrect,0,Incorrect factor-pair selection,Incorrect factor-pair selection
S034,Q06,Factor: x² + 7x + 12,(x+2)(x+6),(x+3)(x+4),Mathematics,Algebra,Factorization,Factorization,incorrect,0,Incorrect factor-pair selection,Incorrect factor-pair selection
S034,Q07,Factor: x² - 9,(x-3)(x-3),(x+3)(x-3),Mathematics,Algebra,Factorization,Factorization,incorrect,0,Difference of squares confusion,Difference of squares confusion
S034,Q08,Factor: 2x² + 6x,2x(x+3),2x(x+3),Mathematics,Algebra,Factorization,Factorization,correct,1,,
S034,Q09,Solve: x² - 5x + 6 = 0,"x = -2, x = -3","x = 2, x = 3",Mathematics,Algebra,Quadratic Equations,Quadratic Equations,incorrect,0,Sign error in roots,Sign error in roots
S034,Q10,What is the discriminant of x² + 4x + 4 = 0?,8,0,Mathematics,Algebra,Quadratic Equations,Quadratic Equations,incorrect,0,Discriminant formula error,Discriminant formula error
S034,Q11,Solve: x² = 16,x = 4,"x = 4, x = -4",Mathematics,Algebra,Quadratic Equations,Quadratic Equations,incorrect,0,Missing negative root,Missing negative root
S034,Q12,Solve using quadratic formula: x² - 3x - 10 = 0,"x = 5, x = 2","x = 5, x = -2",Mathematics,Algebra,Quadratic Equations,Quadratic Equations,incorrect,0,Formula application error,Formula application error
S034,Q13,"If f(x) = 2x + 1, find f(3)",9,7,Mathematics,Functions,Functions,Functions,incorrect,0,Substitution error,Substitution error
S034,Q14,What is the domain of f(x) = 1/x?,x > 0,All real numbers except 0,Mathematics,Functions,Functions,Functions,incorrect,0,Domain restriction oversight,Domain restriction oversight
S034,Q15,"If f(x) = x² and g(x) = x+1, find f(g(2))",9,9,Mathematics,Functions,Functions,Functions,correct,1,,
S034,Q16,Find the y-intercept of f(x) = 3x - 6,6,-6,Mathematics,Functions,Functions,Functions,incorrect,0,Intercept identification error,Intercept identification error
S034,Q17,Solve: 2x + 3 > 7,x > 5,x > 2,Mathematics,Algebra,Inequalities,Inequalities,incorrect,0,Arithmetic error,Arithmetic error
S034,Q18,Solve: -3x < 9,x < 3,x > -3,Mathematics,Algebra,Inequalities,Inequalities,incorrect,0,Sign flip with negative division,Sign flip with negative division
S034,Q19,Solve: |x| ≤ 5,x ≥ -5,-5 ≤ x ≤ 5,Mathematics,Algebra,Inequalities,Inequalities,incorrect,0,Absolute value misunderstanding,Absolute value misunderstanding
S034,Q20,Graph the solution: x ≥ -2,"Closed circle at -2, shade left","Closed circle at -2, shade right",Mathematics,Algebra,Inequalities,Inequalities,incorrect,0,Inequality symbol confusion,Inequality symbol confusion
S035,Q01,Solve for x: 2x + 4 = 10,x = 3,x = 3,Mathematics,Algebra,Linear Equations,Linear Equations,correct,1,,
S035,Q02,Solve for x: 3x - 6 = 9,x = 5,x = 5,Mathematics,Algebra,Linear Equations,Linear Equations,correct,1,,
S035,Q03,Solve for x: x/2 + 3 = 7,x = 4,x = 8,Mathematics,Algebra,Linear Equations,Linear Equations,incorrect,0,Order of operations,Order of operations
S035,Q04,Solve for x: 5x = 25,x = 5,x = 5,Mathematics,Algebra,Linear Equations,Linear Equations,correct,1,,
S035,Q05,Factor: x² + 5x + 6,(x+2)(x+3),(x+2)(x+3),Mathematics,Algebra,Factorization,Factorization,correct,1,,
S035,Q06,Factor: x² + 7x + 12,(x+2)(x+6),(x+3)(x+4),Mathematics,Algebra,Factorization,Factorization,incorrect,0,Incorrect factor-pair selection,Incorrect factor-pair selection
S035,Q07,Factor: x² - 9,(x+3)(x-3),(x+3)(x-3),Mathematics,Algebra,Factorization,Factorization,correct,1,,
S035,Q08,Factor: 2x² + 6x,2x(x+3),2x(x+3),Mathematics,Algebra,Factorization,Factorization,correct,1,,
S035,Q09,Solve: x² - 5x + 6 = 0,"x = 1, x = 6","x = 2, x = 3",Mathematics,Algebra,Quadratic Equations,Quadratic Equations,incorrect,0,Sign error in roots,Sign error in roots
S035,Q10,What is the discriminant of x² + 4x + 4 = 0?,0,0,Mathematics,Algebra,Quadratic Equations,Quadratic Equations,correct,1,,
S035,Q11,Solve: x² = 16,"x = 4, x = -4","x = 4, x = -4",Mathematics,Algebra,Quadratic Equations,Quadratic Equations,correct,1,,
S035,Q12,Solve using quadratic formula: x² - 3x - 10 = 0,"x = 5, x = -2","x = 5, x = -2",Mathematics,Algebra,Quadratic Equations,Quadratic Equations,correct,1,,
S035,Q13,"If f(x) = 2x + 1, find f(3)",7,7,Mathematics,Functions,Functions,Functions,correct,1,,
S035,Q14,What is the domain of f(x) = 1/x?,All real numbers except 0,All real numbers except 0,Mathematics,Functions,Functions,Functions,correct,1,,
S035,Q15,"If f(x) = x² and g(x) = x+1, find f(g(2))",4,9,Mathematics,Functions,Functions,Functions,incorrect,0,Composition order error,Composition order error
S035,Q16,Find the y-intercept of f(x) = 3x - 6,-6,-6,Mathematics,Functions,Functions,Functions,correct,1,,
S035,Q17,Solve: 2x + 3 > 7,x > 2,x > 2,Mathematics,Algebra,Inequalities,Inequalities,correct,1,,
S035,Q18,Solve: -3x < 9,x > 3,x > -3,Mathematics,Algebra,Inequalities,Inequalities,incorrect,0,Sign flip with negative division,Sign flip with negative division
S035,Q19,Solve: |x| ≤ 5,x ≤ 5,-5 ≤ x ≤ 5,Mathematics,Algebra,Inequalities,Inequalities,incorrect,0,Absolute value misunderstanding,Absolute value misunderstanding
S035,Q20,Graph the solution: x ≥ -2,"Closed circle at -2, shade right","Closed circle at -2, shade right",Mathematics,Algebra,Inequalities,Inequalities,correct,1,,
S036,Q01,Solve for x: 2x + 4 = 10,x = 5,x = 3,Mathematics,Algebra,Linear Equations,Linear Equations,incorrect,0,Arithmetic error,Arithmetic error
S036,Q02,Solve for x: 3x - 6 = 9,x = 5,x = 5,Mathematics,Algebra,Linear Equations,Linear Equations,correct,1,,
S036,Q03,Solve for x: x/2 + 3 = 7,x = 8,x = 8,Mathematics,Algebra,Linear Equations,Linear Equations,correct,1,,
S036,Q04,Solve for x: 5x = 25,x = 125,x = 5,Mathematics,Algebra,Linear Equations,Linear Equations,incorrect,0,Division error,Division error
S036,Q05,Factor: x² + 5x + 6,(x+1)(x+6),(x+2)(x+3),Mathematics,Algebra,Factorization,Factorization,incorrect,0,Incorrect factor-pair selection,Incorrect factor-pair selection
S036,Q06,Factor: x² + 7x + 12,(x+2)(x+6),(x+3)(x+4),Mathematics,Algebra,Factorization,Factorization,incorrect,0,Incorrect factor-pair selection,Incorrect factor-pair selection
S036,Q07,Factor: x² - 9,(x-3)(x-3),(x+3)(x-3),Mathematics,Algebra,Factorization,Factorization,incorrect,0,Difference of squares confusion,Difference of squares confusion
S036,Q08,Factor: 2x² + 6x,2(x²+3x),2x(x+3),Mathematics,Algebra,Factorization,Factorization,incorrect,0,Incomplete factoring,Incomplete factoring
S036,Q09,Solve: x² - 5x + 6 = 0,"x = 1, x = 6","x = 2, x = 3",Mathematics,Algebra,Quadratic Equations,Quadratic Equations,incorrect,0,Sign error in roots,Sign error in roots
S036,Q10,What is the discriminant of x² + 4x + 4 = 0?,16,0,Mathematics,Algebra,Quadratic Equations,Quadratic Equations,incorrect,0,Discriminant formula error,Discriminant formula error
S036,Q11,Solve: x² = 16,x = 4,"x = 4, x = -4",Mathematics,Algebra,Quadratic Equations,Quadratic Equations,incorrect,0,Missing negative root,Missing negative root
S036,Q12,Solve using quadratic formula: x² - 3x - 10 = 0,"x = 5, x = 2","x = 5, x = -2",Mathematics,Algebra,Quadratic Equations,Quadratic Equations,incorrect,0,Formula application error,Formula application error
S036,Q13,"If f(x) = 2x + 1, find f(3)",5,7,Mathematics,Functions,Functions,Functions,incorrect,0,Substitution error,Substitution error
S036,Q14,What is the domain of f(x) = 1/x?,All real numbers,All real numbers except 0,Mathematics,Functions,Functions,Functions,incorrect,0,Domain restriction oversight,Domain restriction oversight
S036,Q15,"If f(x) = x² and g(x) = x+1, find f(g(2))",9,9,Mathematics,Functions,Functions,Functions,correct,1,,
S036,Q16,Find the y-intercept of f(x) = 3x - 6,3,-6,Mathematics,Functions,Functions,Functions,incorrect,0,Intercept identification error,Intercept identification error
S036,Q17,Solve: 2x + 3 > 7,x > 5,x > 2,Mathematics,Algebra,Inequalities,Inequalities,incorrect,0,Arithmetic error,Arithmetic error
S036,Q18,Solve: -3x < 9,x < 3,x > -3,Mathematics,Algebra,Inequalities,Inequalities,incorrect,0,Sign flip with negative division,Sign flip with negative division
S036,Q19,Solve: |x| ≤ 5,-5 ≤ x ≤ 5,-5 ≤ x ≤ 5,Mathematics,Algebra,Inequalities,Inequalities,correct,1,,
S036,Q20,Graph the solution: x ≥ -2,"Closed circle at -2, shade left","Closed circle at -2, shade right",Mathematics,Algebra,Inequalities,Inequalities,incorrect,0,Inequality symbol confusion,Inequality symbol confusion
S037,Q01,Solve for x: 2x + 4 = 10,x = 3,x = 3,Mathematics,Algebra,Linear Equations,Linear Equations,correct,1,,
S037,Q02,Solve for x: 3x - 6 = 9,x = 5,x = 5,Mathematics,Algebra,Linear Equations,Linear Equations,correct,1,,
S037,Q03,Solve for x: x/2 + 3 = 7,x = 8,x = 8,Mathematics,Algebra,Linear Equations,Linear Equations,correct,1,,
S037,Q04,Solve for x: 5x = 25,x = 20,x = 5,Mathematics,Algebra,Linear Equations,Linear Equations,incorrect,0,Division error,Division error
S037,Q05,Factor: x² + 5x + 6,(x+2)(x+3),(x+2)(x+3),Mathematics,Algebra,Factorization,Factorization,correct,1,,
S037,Q06,Factor: x² + 7x + 12,(x+3)(x+4),(x+3)(x+4),Mathematics,Algebra,Factorization,Factorization,correct,1,,
S037,Q07,Factor: x² - 9,(x-3)(x-3),(x+3)(x-3),Mathematics,Algebra,Factorization,Factorization,incorrect,0,Difference of squares confusion,Difference of squares confusion
S037,Q08,Factor: 2x² + 6x,2x(x+3),2x(x+3),Mathematics,Algebra,Factorization,Factorization,correct,1,,
S037,Q09,Solve: x² - 5x + 6 = 0,"x = 1, x = 6","x = 2, x = 3",Mathematics,Algebra,Quadratic Equations,Quadratic Equations,incorrect,0,Sign error in roots,Sign error in roots
S037,Q10,What is the discriminant of x² + 4x + 4 = 0?,0,0,Mathematics,Algebra,Quadratic Equations,Quadratic Equations,correct,1,,
S037,Q11,Solve: x² = 16,"x = 4, x = -4","x = 4, x = -4",Mathematics,Algebra,Quadratic Equations,Quadratic Equations,correct,1,,
S037,Q12,Solve using quadratic formula: x² - 3x - 10 = 0,"x = 5, x = -2","x = 5, x = -2",Mathematics,Algebra,Quadratic Equations,Quadratic Equations,correct,1,,
S037,Q13,"If f(x) = 2x + 1, find f(3)",6,7,Mathematics,Functions,Functions,Functions,incorrect,0,Substitution error,Substitution error
S037,Q14,What is the domain of f(x) = 1/x?,All real numbers,All real numbers except 0,Mathematics,Functions,Functions,Functions,incorrect,0,Domain restriction oversight,Domain restriction oversight
S037,Q15,"If f(x) = x² and g(x) = x+1, find f(g(2))",6,9,Mathematics,Functions,Functions,Functions,incorrect,0,Composition order error,Composition order error
S037,Q16,Find the y-intercept of f(x) = 3x - 6,-6,-6,Mathematics,Functions,Functions,Functions,correct,1,,
S037,Q17,Solve: 2x + 3 > 7,x > 5,x > 2,Mathematics,Algebra,Inequalities,Inequalities,incorrect,0,Arithmetic error,Arithmetic error
S037,Q18,Solve: -3x < 9,x > -3,x > -3,Mathematics,Algebra,Inequalities,Inequalities,correct,1,,
S037,Q19,Solve: |x| ≤ 5,x ≥ -5,-5 ≤ x ≤ 5,Mathematics,Algebra,Inequalities,Inequalities,incorrect,0,Absolute value misunderstanding,Absolute value misunderstanding
S037,Q20,Graph the solution: x ≥ -2,"Closed circle at -2, shade left","Closed circle at -2, shade right",Mathematics,Algebra,Inequalities,Inequalities,incorrect,0,Inequality symbol confusion,Inequality symbol confusion
S038,Q01,Solve for x: 2x + 4 = 10,x = 3,x = 3,Mathematics,Algebra,Linear Equations,Linear Equations,correct,1,,
S038,Q02,Solve for x: 3x - 6 = 9,x = 5,x = 5,Mathematics,Algebra,Linear Equations,Linear Equations,correct,1,,
S038,Q03,Solve for x: x/2 + 3 = 7,x = 4,x = 8,Mathematics,Algebra,Linear Equations,Linear Equations,incorrect,0,Order of operations,Order of operations
S038,Q04,Solve for x: 5x = 25,x = 20,x = 5,Mathematics,Algebra,Linear Equations,Linear Equations,incorrect,0,Division error,Division error
S038,Q05,Factor: x² + 5x + 6,(x+2)(x+2),(x+2)(x+3),Mathematics,Algebra,Factorization,Factorization,incorrect,0,Incorrect factor-pair selection,Incorrect factor-pair selection
S038,Q06,Factor: x² + 7x + 12,(x+3)(x+4),(x+3)(x+4),Mathematics,Algebra,Factorization,Factorization,correct,1,,
S038,Q07,Factor: x² - 9,(x+3)(x-3),(x+3)(x-3),Mathematics,Algebra,Factorization,Factorization,correct,1,,
S038,Q08,Factor: 2x² + 6x,x(2x+6),2x(x+3),Mathematics,Algebra,Factorization,Factorization,incorrect,0,Incomplete factoring,Incomplete factoring
S038,Q09,Solve: x² - 5x + 6 = 0,"x = 1, x = 6","x = 2, x = 3",Mathematics,Algebra,Quadratic Equations,Quadratic Equations,incorrect,0,Sign error in roots,Sign error in roots
S038,Q10,What is the discriminant of x² + 4x + 4 = 0?,0,0,Mathematics,Algebra,Quadratic Equations,Quadratic Equations,correct,1,,
S038,Q11,Solve: x² = 16,x = 4,"x = 4, x = -4",Mathematics,Algebra,Quadratic Equations,Quadratic Equations,incorrect,0,Missing negative root,Missing negative root
S038,Q12,Solve using quadratic formula: x² - 3x - 10 = 0,"x = 5, x = 2","x = 5, x = -2",Mathematics,Algebra,Quadratic Equations,Quadratic Equations,incorrect,0,Formula application error,Formula application error
S038,Q13,"If f(x) = 2x + 1, find f(3)",7,7,Mathematics,Functions,Functions,Functions,correct,1,,
S038,Q14,What is the domain of f(x) = 1/x?,All real numbers,All real numbers except 0,Mathematics,Functions,Functions,Functions,incorrect,0,Domain restriction oversight,Domain restriction oversight
S038,Q15,"If f(x) = x² and g(x) = x+1, find f(g(2))",9,9,Mathematics,Functions,Functions,Functions,correct,1,,
S038,Q16,Find the y-intercept of f(x) = 3x - 6,6,-6,Mathematics,Functions,Functions,Functions,incorrect,0,Intercept identification error,Intercept identification error
S038,Q17,Solve: 2x + 3 > 7,x > 3.5,x > 2,Mathematics,Algebra,Inequalities,Inequalities,incorrect,0,Arithmetic error,Arithmetic error
S038,Q18,Solve: -3x < 9,x < -3,x > -3,Mathematics,Algebra,Inequalities,Inequalities,incorrect,0,Sign flip with negative division,Sign flip with negative division
S038,Q19,Solve: |x| ≤ 5,-5 ≤ x ≤ 5,-5 ≤ x ≤ 5,Mathematics,Algebra,Inequalities,Inequalities,correct,1,,
S038,Q20,Graph the solution: x ≥ -2,"Closed circle at -2, shade right","Closed circle at -2, shade right",Mathematics,Algebra,Inequalities,Inequalities,correct,1,,
S039,Q01,Solve for x: 2x + 4 = 10,x = 3,x = 3,Mathematics,Algebra,Linear Equations,Linear Equations,correct,1,,
S039,Q02,Solve for x: 3x - 6 = 9,x = 5,x = 5,Mathematics,Algebra,Linear Equations,Linear Equations,correct,1,,
S039,Q03,Solve for x: x/2 + 3 = 7,x = 14,x = 8,Mathematics,Algebra,Linear Equations,Linear Equations,incorrect,0,Order of operations,Order of operations
S039,Q04,Solve for x: 5x = 25,x = 5,x = 5,Mathematics,Algebra,Linear Equations,Linear Equations,correct,1,,
S039,Q05,Factor: x² + 5x + 6,(x+1)(x+6),(x+2)(x+3),Mathematics,Algebra,Factorization,Factorization,incorrect,0,Incorrect factor-pair selection,Incorrect factor-pair selection
S039,Q06,Factor: x² + 7x + 12,(x+1)(x+12),(x+3)(x+4),Mathematics,Algebra,Factorization,Factorization,incorrect,0,Incorrect factor-pair selection,Incorrect factor-pair selection
S039,Q07,Factor: x² - 9,(x+9)(x-1),(x+3)(x-3),Mathematics,Algebra,Factorization,Factorization,incorrect,0,Difference of squares confusion,Difference of squares confusion
S039,Q08,Factor: 2x² + 6x,x(2x+6),2x(x+3),Mathematics,Algebra,Factorization,Factorization,incorrect,0,Incomplete factoring,Incomplete factoring
S039,Q09,Solve: x² - 5x + 6 = 0,"x = 2, x = 3","x = 2, x = 3",Mathematics,Algebra,Quadratic Equations,Quadratic Equations,correct,1,,
S039,Q10,What is the discriminant of x² + 4x + 4 = 0?,16,0,Mathematics,Algebra,Quadratic Equations,Quadratic Equations,incorrect,0,Discriminant formula error,Discriminant formula error
S039,Q11,Solve: x² = 16,x = 4,"x = 4, x = -4",Mathematics,Algebra,Quadratic Equations,Quadratic Equations,incorrect,0,Missing negative root,Missing negative root
S039,Q12,Solve using quadratic formula: x² - 3x - 10 = 0,"x = 5, x = -2","x = 5, x = -2",Mathematics,Algebra,Quadratic Equations,Quadratic Equations,correct,1,,
S039,Q13,"If f(x) = 2x + 1, find f(3)",6,7,Mathematics,Functions,Functions,Functions,incorrect,0,Substitution error,Substitution error
S039,Q14,What is the domain of f(x) = 1/x?,All real numbers except 0,All real numbers except 0,Mathematics,Functions,Functions,Functions,correct,1,,
S039,Q15,"If f(x) = x² and g(x) = x+1, find f(g(2))",9,9,Mathematics,Functions,Functions,Functions,correct,1,,
S039,Q16,Find the y-intercept of f(x) = 3x - 6,6,-6,Mathematics,Functions,Functions,Functions,incorrect,0,Intercept identification error,Intercept identification error
S039,Q17,Solve: 2x + 3 > 7,x < 2,x > 2,Mathematics,Algebra,Inequalities,Inequalities,incorrect,0,Arithmetic error,Arithmetic error
S039,Q18,Solve: -3x < 9,x < 3,x > -3,Mathematics,Algebra,Inequalities,Inequalities,incorrect,0,Sign flip with negative division,Sign flip with negative division
S039,Q19,Solve: |x| ≤ 5,x = 5,-5 ≤ x ≤ 5,Mathematics,Algebra,Inequalities,Inequalities,incorrect,0,Absolute value misunderstanding,Absolute value misunderstanding
S039,Q20,Graph the solution: x ≥ -2,"Open circle at -2, shade right","Closed circle at -2, shade right",Mathematics,Algebra,Inequalities,Inequalities,incorrect,0,Inequality symbol confusion,Inequality symbol confusion
S040,Q01,Solve for x: 2x + 4 = 10,x = 3,x = 3,Mathematics,Algebra,Linear Equations,Linear Equations,correct,1,,
S040,Q02,Solve for x: 3x - 6 = 9,x = 1,x = 5,Mathematics,Algebra,Linear Equations,Linear Equations,incorrect,0,Sign error,Sign error
S040,Q03,Solve for x: x/2 + 3 = 7,x = 8,x = 8,Mathematics,Algebra,Linear Equations,Linear Equations,correct,1,,
S040,Q04,Solve for x: 5x = 25,x = 5,x = 5,Mathematics,Algebra,Linear Equations,Linear Equations,correct,1,,
S040,Q05,Factor: x² + 5x + 6,(x+2)(x+3),(x+2)(x+3),Mathematics,Algebra,Factorization,Factorization,correct,1,,
S040,Q06,Factor: x² + 7x + 12,(x+3)(x+4),(x+3)(x+4),Mathematics,Algebra,Factorization,Factorization,correct,1,,
S040,Q07,Factor: x² - 9,(x-9)(x+1),(x+3)(x-3),Mathematics,Algebra,Factorization,Factorization,incorrect,0,Difference of squares confusion,Difference of squares confusion
S040,Q08,Factor: 2x² + 6x,2(x²+3x),2x(x+3),Mathematics,Algebra,Factorization,Factorization,incorrect,0,Incomplete factoring,Incomplete factoring
S040,Q09,Solve: x² - 5x + 6 = 0,"x = 1, x = 6","x = 2, x = 3",Mathematics,Algebra,Quadratic Equations,Quadratic Equations,incorrect,0,Sign error in roots,Sign error in roots
S040,Q10,What is the discriminant of x² + 4x + 4 = 0?,8,0,Mathematics,Algebra,Quadratic Equations,Quadratic Equations,incorrect,0,Discriminant formula error,Discriminant formula error
S040,Q11,Solve: x² = 16,"x = 4, x = -4","x = 4, x = -4",Mathematics,Algebra,Quadratic Equations,Quadratic Equations,correct,1,,
S040,Q12,Solve using quadratic formula: x² - 3x - 10 = 0,"x = 5, x = -2","x = 5, x = -2",Mathematics,Algebra,Quadratic Equations,Quadratic Equations,correct,1,,
S040,Q13,"If f(x) = 2x + 1, find f(3)",7,7,Mathematics,Functions,Functions,Functions,correct,1,,
S040,Q14,What is the domain of f(x) = 1/x?,x > 0,All real numbers except 0,Mathematics,Functions,Functions,Functions,incorrect,0,Domain restriction oversight,Domain restriction oversight
S040,Q15,"If f(x) = x² and g(x) = x+1, find f(g(2))",5,9,Mathematics,Functions,Functions,Functions,incorrect,0,Composition order error,Composition order error
S040,Q16,Find the y-intercept of f(x) = 3x - 6,6,-6,Mathematics,Functions,Functions,Functions,incorrect,0,Intercept identification error,Intercept identification error
S040,Q17,Solve: 2x + 3 > 7,x > 5,x > 2,Mathematics,Algebra,Inequalities,Inequalities,incorrect,0,Arithmetic error,Arithmetic error
S040,Q18,Solve: -3x < 9,x < -3,x > -3,Mathematics,Algebra,Inequalities,Inequalities,incorrect,0,Sign flip with negative division,Sign flip with negative division
S040,Q19,Solve: |x| ≤ 5,-5 ≤ x ≤ 5,-5 ≤ x ≤ 5,Mathematics,Algebra,Inequalities,Inequalities,correct,1,,
S040,Q20,Graph the solution: x ≥ -2,"Closed circle at -2, shade right","Closed circle at -2, shade right",Mathematics,Algebra,Inequalities,Inequalities,correct,1,,
S041,Q01,Solve for x: 2x + 4 = 10,x = 5,x = 3,Mathematics,Algebra,Linear Equations,Linear Equations,incorrect,0,Arithmetic error,Arithmetic error
S041,Q02,Solve for x: 3x - 6 = 9,x = 5,x = 5,Mathematics,Algebra,Linear Equations,Linear Equations,correct,1,,
S041,Q03,Solve for x: x/2 + 3 = 7,x = 4,x = 8,Mathematics,Algebra,Linear Equations,Linear Equations,incorrect,0,Order of operations,Order of operations
S041,Q04,Solve for x: 5x = 25,x = 5,x = 5,Mathematics,Algebra,Linear Equations,Linear Equations,correct,1,,
S041,Q05,Factor: x² + 5x + 6,(x+2)(x+2),(x+2)(x+3),Mathematics,Algebra,Factorization,Factorization,incorrect,0,Incorrect factor-pair selection,Incorrect factor-pair selection
S041,Q06,Factor: x² + 7x + 12,(x+3)(x+4),(x+3)(x+4),Mathematics,Algebra,Factorization,Factorization,correct,1,,
S041,Q07,Factor: x² - 9,(x+9)(x-1),(x+3)(x-3),Mathematics,Algebra,Factorization,Factorization,incorrect,0,Difference of squares confusion,Difference of squares confusion
S041,Q08,Factor: 2x² + 6x,x(2x+6),2x(x+3),Mathematics,Algebra,Factorization,Factorization,incorrect,0,Incomplete factoring,Incomplete factoring
S041,Q09,Solve: x² - 5x + 6 = 0,"x = 1, x = 6","x = 2, x = 3",Mathematics,Algebra,Quadratic Equations,Quadratic Equations,incorrect,0,Sign error in roots,Sign error in roots
S041,Q10,What is the discriminant of x² + 4x + 4 = 0?,16,0,Mathematics,Algebra,Quadratic Equations,Quadratic Equations,incorrect,0,Discriminant formula error,Discriminant formula error
S041,Q11,Solve: x² = 16,x = 4,"x = 4, x = -4",Mathematics,Algebra,Quadratic Equations,Quadratic Equations,incorrect,0,Missing negative root,Missing negative root
S041,Q12,Solve using quadratic formula: x² - 3x - 10 = 0,"x = 5, x = -2","x = 5, x = -2",Mathematics,Algebra,Quadratic Equations,Quadratic Equations,correct,1,,
S041,Q13,"If f(x) = 2x + 1, find f(3)",7,7,Mathematics,Functions,Functions,Functions,correct,1,,
S041,Q14,What is the domain of f(x) = 1/x?,All real numbers except 0,All real numbers except 0,Mathematics,Functions,Functions,Functions,correct,1,,
S041,Q15,"If f(x) = x² and g(x) = x+1, find f(g(2))",9,9,Mathematics,Functions,Functions,Functions,correct,1,,
S041,Q16,Find the y-intercept of f(x) = 3x - 6,6,-6,Mathematics,Functions,Functions,Functions,incorrect,0,Intercept identification error,Intercept identification error
S041,Q17,Solve: 2x + 3 > 7,x > 2,x > 2,Mathematics,Algebra,Inequalities,Inequalities,correct,1,,
S041,Q18,Solve: -3x < 9,x > -3,x > -3,Mathematics,Algebra,Inequalities,Inequalities,correct,1,,
S041,Q19,Solve: |x| ≤ 5,x ≤ 5,-5 ≤ x ≤ 5,Mathematics,Algebra,Inequalities,Inequalities,incorrect,0,Absolute value misunderstanding,Absolute value misunderstanding
S041,Q20,Graph the solution: x ≥ -2,"Closed circle at -2, shade right","Closed circle at -2, shade right",Mathematics,Algebra,Inequalities,Inequalities,correct,1,,
S042,Q01,Solve for x: 2x + 4 = 10,x = 3,x = 3,Mathematics,Algebra,Linear Equations,Linear Equations,correct,1,,
S042,Q02,Solve for x: 3x - 6 = 9,x = 5,x = 5,Mathematics,Algebra,Linear Equations,Linear Equations,correct,1,,
S042,Q03,Solve for x: x/2 + 3 = 7,x = 4,x = 8,Mathematics,Algebra,Linear Equations,Linear Equations,incorrect,0,Order of operations,Order of operations
S042,Q04,Solve for x: 5x = 25,x = 5,x = 5,Mathematics,Algebra,Linear Equations,Linear Equations,correct,1,,
S042,Q05,Factor: x² + 5x + 6,(x+2)(x+2),(x+2)(x+3),Mathematics,Algebra,Factorization,Factorization,incorrect,0,Incorrect factor-pair selection,Incorrect factor-pair selection
S042,Q06,Factor: x² + 7x + 12,(x+2)(x+6),(x+3)(x+4),Mathematics,Algebra,Factorization,Factorization,incorrect,0,Incorrect factor-pair selection,Incorrect factor-pair selection
S042,Q07,Factor: x² - 9,(x-3)(x-3),(x+3)(x-3),Mathematics,Algebra,Factorization,Factorization,incorrect,0,Difference of squares confusion,Difference of squares confusion
S042,Q08,Factor: 2x² + 6x,2x(x+3),2x(x+3),Mathematics,Algebra,Factorization,Factorization,correct,1,,
S042,Q09,Solve: x² - 5x + 6 = 0,"x = 2, x = 3","x = 2, x = 3",Mathematics,Algebra,Quadratic Equations,Quadratic Equations,correct,1,,
S042,Q10,What is the discriminant of x² + 4x + 4 = 0?,0,0,Mathematics,Algebra,Quadratic Equations,Quadratic Equations,correct,1,,
S042,Q11,Solve: x² = 16,x = 4,"x = 4, x = -4",Mathematics,Algebra,Quadratic Equations,Quadratic Equations,incorrect,0,Missing negative root,Missing negative root
S042,Q12,Solve using quadratic formula: x² - 3x - 10 = 0,"x = 5, x = 2","x = 5, x = -2",Mathematics,Algebra,Quadratic Equations,Quadratic Equations,incorrect,0,Formula application error,Formula application error
S042,Q13,"If f(x) = 2x + 1, find f(3)",5,7,Mathematics,Functions,Functions,Functions,incorrect,0,Substitution error,Substitution error
S042,Q14,What is the domain of f(x) = 1/x?,All real numbers except 0,All real numbers except 0,Mathematics,Functions,Functions,Functions,correct,1,,
S042,Q15,"If f(x) = x² and g(x) = x+1, find f(g(2))",9,9,Mathematics,Functions,Functions,Functions,correct,1,,
S042,Q16,Find the y-intercept of f(x) = 3x - 6,-6,-6,Mathematics,Functions,Functions,Functions,correct,1,,
S042,Q17,Solve: 2x + 3 > 7,x < 2,x > 2,Mathematics,Algebra,Inequalities,Inequalities,incorrect,0,Arithmetic error,Arithmetic error
S042,Q18,Solve: -3x < 9,x > 3,x > -3,Mathematics,Algebra,Inequalities,Inequalities,incorrect,0,Sign flip with negative division,Sign flip with negative division
S042,Q19,Solve: |x| ≤ 5,-5 ≤ x ≤ 5,-5 ≤ x ≤ 5,Mathematics,Algebra,Inequalities,Inequalities,correct,1,,
S042,Q20,Graph the solution: x ≥ -2,"Open circle at 2, shade right","Closed circle at -2, shade right",Mathematics,Algebra,Inequalities,Inequalities,incorrect,0,Inequality symbol confusion,Inequality symbol confusion
S043,Q01,Solve for x: 2x + 4 = 10,x = 3,x = 3,Mathematics,Algebra,Linear Equations,Linear Equations,correct,1,,
S043,Q02,Solve for x: 3x - 6 = 9,x = 3,x = 5,Mathematics,Algebra,Linear Equations,Linear Equations,incorrect,0,Sign error,Sign error
S043,Q03,Solve for x: x/2 + 3 = 7,x = 2,x = 8,Mathematics,Algebra,Linear Equations,Linear Equations,incorrect,0,Order of operations,Order of operations
S043,Q04,Solve for x: 5x = 25,x = 20,x = 5,Mathematics,Algebra,Linear Equations,Linear Equations,incorrect,0,Division error,Division error
S043,Q05,Factor: x² + 5x + 6,(x+2)(x+3),(x+2)(x+3),Mathematics,Algebra,Factorization,Factorization,correct,1,,
S043,Q06,Factor: x² + 7x + 12,(x+1)(x+12),(x+3)(x+4),Mathematics,Algebra,Factorization,Factorization,incorrect,0,Incorrect factor-pair selection,Incorrect factor-pair selection
S043,Q07,Factor: x² - 9,(x-3)(x-3),(x+3)(x-3),Mathematics,Algebra,Factorization,Factorization,incorrect,0,Difference of squares confusion,Difference of squares confusion
S043,Q08,Factor: 2x² + 6x,2(x²+3x),2x(x+3),Mathematics,Algebra,Factorization,Factorization,incorrect,0,Incomplete factoring,Incomplete factoring
S043,Q09,Solve: x² - 5x + 6 = 0,"x = 2, x = 3","x = 2, x = 3",Mathematics,Algebra,Quadratic Equations,Quadratic Equations,correct,1,,
S043,Q10,What is the discriminant of x² + 4x + 4 = 0?,16,0,Mathematics,Algebra,Quadratic Equations,Quadratic Equations,incorrect,0,Discriminant formula error,Discriminant formula error
S043,Q11,Solve: x² = 16,"x = 4, x = -4","x = 4, x = -4",Mathematics,Algebra,Quadratic Equations,Quadratic Equations,correct,1,,
S043,Q12,Solve using quadratic formula: x² - 3x - 10 = 0,"x = 5, x = 2","x = 5, x = -2",Mathematics,Algebra,Quadratic Equations,Quadratic Equations,incorrect,0,Formula application error,Formula application error
S043,Q13,"If f(x) = 2x + 1, find f(3)",5,7,Mathematics,Functions,Functions,Functions,incorrect,0,Substitution error,Substitution error
S043,Q14,What is the domain of f(x) = 1/x?,All real numbers except 0,All real numbers except 0,Mathematics,Functions,Functions,Functions,correct,1,,
S043,Q15,"If f(x) = x² and g(x) = x+1, find f(g(2))",5,9,Mathematics,Functions,Functions,Functions,incorrect,0,Composition order error,Composition order error
S043,Q16,Find the y-intercept of f(x) = 3x - 6,6,-6,Mathematics,Functions,Functions,Functions,incorrect,0,Intercept identification error,Intercept identification error
S043,Q17,Solve: 2x + 3 > 7,x > 2,x > 2,Mathematics,Algebra,Inequalities,Inequalities,correct,1,,
S043,Q18,Solve: -3x < 9,x < 3,x > -3,Mathematics,Algebra,Inequalities,Inequalities,incorrect,0,Sign flip with negative division,Sign flip with negative division
S043,Q19,Solve: |x| ≤ 5,x ≤ 5,-5 ≤ x ≤ 5,Mathematics,Algebra,Inequalities,Inequalities,incorrect,0,Absolute value misunderstanding,Absolute value misunderstanding
S043,Q20,Graph the solution: x ≥ -2,"Closed circle at -2, shade left","Closed circle at -2, shade right",Mathematics,Algebra,Inequalities,Inequalities,incorrect,0,Inequality symbol confusion,Inequality symbol confusion
S044,Q01,Solve for x: 2x + 4 = 10,x = 5,x = 3,Mathematics,Algebra,Linear Equations,Linear Equations,incorrect,0,Arithmetic error,Arithmetic error
S044,Q02,Solve for x: 3x - 6 = 9,x = 3,x = 5,Mathematics,Algebra,Linear Equations,Linear Equations,incorrect,0,Sign error,Sign error
S044,Q03,Solve for x: x/2 + 3 = 7,x = 8,x = 8,Mathematics,Algebra,Linear Equations,Linear Equations,correct,1,,
S044,Q04,Solve for x: 5x = 25,x = 30,x = 5,Mathematics,Algebra,Linear Equations,Linear Equations,incorrect,0,Division error,Division error
S044,Q05,Factor: x² + 5x + 6,(x+2)(x+2),(x+2)(x+3),Mathematics,Algebra,Factorization,Factorization,incorrect,0,Incorrect factor-pair selection,Incorrect factor-pair selection
S044,Q06,Factor: x² + 7x + 12,(x+2)(x+6),(x+3)(x+4),Mathematics,Algebra,Factorization,Factorization,incorrect,0,Incorrect factor-pair selection,Incorrect factor-pair selection
S044,Q07,Factor: x² - 9,(x-3)(x-3),(x+3)(x-3),Mathematics,Algebra,Factorization,Factorization,incorrect,0,Difference of squares confusion,Difference of squares confusion
S044,Q08,Factor: 2x² + 6x,2x(x+3),2x(x+3),Mathematics,Algebra,Factorization,Factorization,correct,1,,
S044,Q09,Solve: x² - 5x + 6 = 0,"x = -2, x = -3","x = 2, x = 3",Mathematics,Algebra,Quadratic Equations,Quadratic Equations,incorrect,0,Sign error in roots,Sign error in roots
S044,Q10,What is the discriminant of x² + 4x + 4 = 0?,16,0,Mathematics,Algebra,Quadratic Equations,Quadratic Equations,incorrect,0,Discriminant formula error,Discriminant formula error
S044,Q11,Solve: x² = 16,x = 256,"x = 4, x = -4",Mathematics,Algebra,Quadratic Equations,Quadratic Equations,incorrect,0,Missing negative root,Missing negative root
S044,Q12,Solve using quadratic formula: x² - 3x - 10 = 0,"x = 5, x = 2","x = 5, x = -2",Mathematics,Algebra,Quadratic Equations,Quadratic Equations,incorrect,0,Formula application error,Formula application error
S044,Q13,"If f(x) = 2x + 1, find f(3)",7,7,Mathematics,Functions,Functions,Functions,correct,1,,
S044,Q14,What is the domain of f(x) = 1/x?,All real numbers except 0,All real numbers except 0,Mathematics,Functions,Functions,Functions,correct,1,,
S044,Q15,"If f(x) = x² and g(x) = x+1, find f(g(2))",6,9,Mathematics,Functions,Functions,Functions,incorrect,0,Composition order error,Composition order error
S044,Q16,Find the y-intercept of f(x) = 3x - 6,3,-6,Mathematics,Functions,Functions,Functions,incorrect,0,Intercept identification error,Intercept identification error
S044,Q17,Solve: 2x + 3 > 7,x > 5,x > 2,Mathematics,Algebra,Inequalities,Inequalities,incorrect,0,Arithmetic error,Arithmetic error
S044,Q18,Solve: -3x < 9,x < -3,x > -3,Mathematics,Algebra,Inequalities,Inequalities,incorrect,0,Sign flip with negative division,Sign flip with negative division
S044,Q19,Solve: |x| ≤ 5,x = 5,-5 ≤ x ≤ 5,Mathematics,Algebra,Inequalities,Inequalities,incorrect,0,Absolute value misunderstanding,Absolute value misunderstanding
S044,Q20,Graph the solution: x ≥ -2,"Open circle at -2, shade right","Closed circle at -2, shade right",Mathematics,Algebra,Inequalities,Inequalities,incorrect,0,Inequality symbol confusion,Inequality symbol confusion
S045,Q01,Solve for x: 2x + 4 = 10,x = 5,x = 3,Mathematics,Algebra,Linear Equations,Linear Equations,incorrect,0,Arithmetic error,Arithmetic error
S045,Q02,Solve for x: 3x - 6 = 9,x = 3,x = 5,Mathematics,Algebra,Linear Equations,Linear Equations,incorrect,0,Sign error,Sign error
S045,Q03,Solve for x: x/2 + 3 = 7,x = 2,x = 8,Mathematics,Algebra,Linear Equations,Linear Equations,incorrect,0,Order of operations,Order of operations
S045,Q04,Solve for x: 5x = 25,x = 5,x = 5,Mathematics,Algebra,Linear Equations,Linear Equations,correct,1,,
S045,Q05,Factor: x² + 5x + 6,(x+2)(x+2),(x+2)(x+3),Mathematics,Algebra,Factorization,Factorization,incorrect,0,Incorrect factor-pair selection,Incorrect factor-pair selection
S045,Q06,Factor: x² + 7x + 12,(x+2)(x+6),(x+3)(x+4),Mathematics,Algebra,Factorization,Factorization,incorrect,0,Incorrect factor-pair selection,Incorrect factor-pair selection
S045,Q07,Factor: x² - 9,(x-3)(x-3),(x+3)(x-3),Mathematics,Algebra,Factorization,Factorization,incorrect,0,Difference of squares confusion,Difference of squares confusion
S045,Q08,Factor: 2x² + 6x,2(x²+3x),2x(x+3),Mathematics,Algebra,Factorization,Factorization,incorrect,0,Incomplete factoring,Incomplete factoring
S045,Q09,Solve: x² - 5x + 6 = 0,"x = -2, x = -3","x = 2, x = 3",Mathematics,Algebra,Quadratic Equations,Quadratic Equations,incorrect,0,Sign error in roots,Sign error in roots
S045,Q10,What is the discriminant of x² + 4x + 4 = 0?,8,0,Mathematics,Algebra,Quadratic Equations,Quadratic Equations,incorrect,0,Discriminant formula error,Discriminant formula error
S045,Q11,Solve: x² = 16,"x = 4, x = -4","x = 4, x = -4",Mathematics,Algebra,Quadratic Equations,Quadratic Equations,correct,1,,
S045,Q12,Solve using quadratic formula: x² - 3x - 10 = 0,"x = 5, x = -2","x = 5, x = -2",Mathematics,Algebra,Quadratic Equations,Quadratic Equations,correct,1,,
S045,Q13,"If f(x) = 2x + 1, find f(3)",6,7,Mathematics,Functions,Functions,Functions,incorrect,0,Substitution error,Substitution error
S045,Q14,What is the domain of f(x) = 1/x?,All real numbers except 0,All real numbers except 0,Mathematics,Functions,Functions,Functions,correct,1,,
S045,Q15,"If f(x) = x² and g(x) = x+1, find f(g(2))",9,9,Mathematics,Functions,Functions,Functions,correct,1,,
S045,Q16,Find the y-intercept of f(x) = 3x - 6,2,-6,Mathematics,Functions,Functions,Functions,incorrect,0,Intercept identification error,Intercept identification error
S045,Q17,Solve: 2x + 3 > 7,x < 2,x > 2,Mathematics,Algebra,Inequalities,Inequalities,incorrect,0,Arithmetic error,Arithmetic error
S045,Q18,Solve: -3x < 9,x > 3,x > -3,Mathematics,Algebra,Inequalities,Inequalities,incorrect,0,Sign flip with negative division,Sign flip with negative division
S045,Q19,Solve: |x| ≤ 5,x ≥ -5,-5 ≤ x ≤ 5,Mathematics,Algebra,Inequalities,Inequalities,incorrect,0,Absolute value misunderstanding,Absolute value misunderstanding
S045,Q20,Graph the solution: x ≥ -2,"Open circle at -2, shade right","Closed circle at -2, shade right",Mathematics,Algebra,Inequalities,Inequalities,incorrect,0,Inequality symbol confusion,Inequality symbol confusion
S046,Q01,Solve for x: 2x + 4 = 10,x = 2,x = 3,Mathematics,Algebra,Linear Equations,Linear Equations,incorrect,0,Arithmetic error,Arithmetic error
S046,Q02,Solve for x: 3x - 6 = 9,x = 5,x = 5,Mathematics,Algebra,Linear Equations,Linear Equations,correct,1,,
S046,Q03,Solve for x: x/2 + 3 = 7,x = 4,x = 8,Mathematics,Algebra,Linear Equations,Linear Equations,incorrect,0,Order of operations,Order of operations
S046,Q04,Solve for x: 5x = 25,x = 30,x = 5,Mathematics,Algebra,Linear Equations,Linear Equations,incorrect,0,Division error,Division error
S046,Q05,Factor: x² + 5x + 6,(x+1)(x+6),(x+2)(x+3),Mathematics,Algebra,Factorization,Factorization,incorrect,0,Incorrect factor-pair selection,Incorrect factor-pair selection
S046,Q06,Factor: x² + 7x + 12,(x+2)(x+6),(x+3)(x+4),Mathematics,Algebra,Factorization,Factorization,incorrect,0,Incorrect factor-pair selection,Incorrect factor-pair selection
S046,Q07,Factor: x² - 9,(x+9)(x-1),(x+3)(x-3),Mathematics,Algebra,Factorization,Factorization,incorrect,0,Difference of squares confusion,Difference of squares confusion
S046,Q08,Factor: 2x² + 6x,2x(x+3),2x(x+3),Mathematics,Algebra,Factorization,Factorization,correct,1,,
S046,Q09,Solve: x² - 5x + 6 = 0,"x = -2, x = -3","x = 2, x = 3",Mathematics,Algebra,Quadratic Equations,Quadratic Equations,incorrect,0,Sign error in roots,Sign error in roots
S046,Q10,What is the discriminant of x² + 4x + 4 = 0?,-16,0,Mathematics,Algebra,Quadratic Equations,Quadratic Equations,incorrect,0,Discriminant formula error,Discriminant formula error
S046,Q11,Solve: x² = 16,x = 8,"x = 4, x = -4",Mathematics,Algebra,Quadratic Equations,Quadratic Equations,incorrect,0,Missing negative root,Missing negative root
S046,Q12,Solve using quadratic formula: x² - 3x - 10 = 0,"x = 5, x = 2","x = 5, x = -2",Mathematics,Algebra,Quadratic Equations,Quadratic Equations,incorrect,0,Formula application error,Formula application error
S046,Q13,"If f(x) = 2x + 1, find f(3)",5,7,Mathematics,Functions,Functions,Functions,incorrect,0,Substitution error,Substitution error
S046,Q14,What is the domain of f(x) = 1/x?,All real numbers,All real numbers except 0,Mathematics,Functions,Functions,Functions,incorrect,0,Domain restriction oversight,Domain restriction oversight
S046,Q15,"If f(x) = x² and g(x) = x+1, find f(g(2))",5,9,Mathematics,Functions,Functions,Functions,incorrect,0,Composition order error,Composition order error
S046,Q16,Find the y-intercept of f(x) = 3x - 6,3,-6,Mathematics,Functions,Functions,Functions,incorrect,0,Intercept identification error,Intercept identification error
S046,Q17,Solve: 2x + 3 > 7,x < 2,x > 2,Mathematics,Algebra,Inequalities,Inequalities,incorrect,0,Arithmetic error,Arithmetic error
S046,Q18,Solve: -3x < 9,x < -3,x > -3,Mathematics,Algebra,Inequalities,Inequalities,incorrect,0,Sign flip with negative division,Sign flip with negative division
S046,Q19,Solve: |x| ≤ 5,x ≤ 5,-5 ≤ x ≤ 5,Mathematics,Algebra,Inequalities,Inequalities,incorrect,0,Absolute value misunderstanding,Absolute value misunderstanding
S046,Q20,Graph the solution: x ≥ -2,"Closed circle at -2, shade right","Closed circle at -2, shade right",Mathematics,Algebra,Inequalities,Inequalities,correct,1,,
S047,Q01,Solve for x: 2x + 4 = 10,x = 3,x = 3,Mathematics,Algebra,Linear Equations,Linear Equations,correct,1,,
S047,Q02,Solve for x: 3x - 6 = 9,x = 15,x = 5,Mathematics,Algebra,Linear Equations,Linear Equations,incorrect,0,Sign error,Sign error
S047,Q03,Solve for x: x/2 + 3 = 7,x = 14,x = 8,Mathematics,Algebra,Linear Equations,Linear Equations,incorrect,0,Order of operations,Order of operations
S047,Q04,Solve for x: 5x = 25,x = 20,x = 5,Mathematics,Algebra,Linear Equations,Linear Equations,incorrect,0,Division error,Division error
S047,Q05,Factor: x² + 5x + 6,(x+1)(x+6),(x+2)(x+3),Mathematics,Algebra,Factorization,Factorization,incorrect,0,Incorrect factor-pair selection,Incorrect factor-pair selection
S047,Q06,Factor: x² + 7x + 12,(x+1)(x+12),(x+3)(x+4),Mathematics,Algebra,Factorization,Factorization,incorrect,0,Incorrect factor-pair selection,Incorrect factor-pair selection
S047,Q07,Factor: x² - 9,(x+3)(x-3),(x+3)(x-3),Mathematics,Algebra,Factorization,Factorization,correct,1,,
S047,Q08,Factor: 2x² + 6x,x(2x+6),2x(x+3),Mathematics,Algebra,Factorization,Factorization,incorrect,0,Incomplete factoring,Incomplete factoring
S047,Q09,Solve: x² - 5x + 6 = 0,"x = -2, x = -3","x = 2, x = 3",Mathematics,Algebra,Quadratic Equations,Quadratic Equations,incorrect,0,Sign error in roots,Sign error in roots
S047,Q10,What is the discriminant of x² + 4x + 4 = 0?,16,0,Mathematics,Algebra,Quadratic Equations,Quadratic Equations,incorrect,0,Discriminant formula error,Discriminant formula error
S047,Q11,Solve: x² = 16,x = 4,"x = 4, x = -4",Mathematics,Algebra,Quadratic Equations,Quadratic Equations,incorrect,0,Missing negative root,Missing negative root
S047,Q12,Solve using quadratic formula: x² - 3x - 10 = 0,"x = 5, x = -2","x = 5, x = -2",Mathematics,Algebra,Quadratic Equations,Quadratic Equations,correct,1,,
S047,Q13,"If f(x) = 2x + 1, find f(3)",7,7,Mathematics,Functions,Functions,Functions,correct,1,,
S047,Q14,What is the domain of f(x) = 1/x?,All real numbers,All real numbers except 0,Mathematics,Functions,Functions,Functions,incorrect,0,Domain restriction oversight,Domain restriction oversight
S047,Q15,"If f(x) = x² and g(x) = x+1, find f(g(2))",6,9,Mathematics,Functions,Functions,Functions,incorrect,0,Composition order error,Composition order error
S047,Q16,Find the y-intercept of f(x) = 3x - 6,-6,-6,Mathematics,Functions,Functions,Functions,correct,1,,
S047,Q17,Solve: 2x + 3 > 7,x > 5,x > 2,Mathematics,Algebra,Inequalities,Inequalities,incorrect,0,Arithmetic error,Arithmetic error
S047,Q18,Solve: -3x < 9,x > -3,x > -3,Mathematics,Algebra,Inequalities,Inequalities,correct,1,,
S047,Q19,Solve: |x| ≤ 5,x ≥ -5,-5 ≤ x ≤ 5,Mathematics,Algebra,Inequalities,Inequalities,incorrect,0,Absolute value misunderstanding,Absolute value misunderstanding
S047,Q20,Graph the solution: x ≥ -2,"Closed circle at -2, shade right","Closed circle at -2, shade right",Mathematics,Algebra,Inequalities,Inequalities,correct,1,,
S048,Q01,Solve for x: 2x + 4 = 10,x = 3,x = 3,Mathematics,Algebra,Linear Equations,Linear Equations,correct,1,,
S048,Q02,Solve for x: 3x - 6 = 9,x = 5,x = 5,Mathematics,Algebra,Linear Equations,Linear Equations,correct,1,,
S048,Q03,Solve for x: x/2 + 3 = 7,x = 4,x = 8,Mathematics,Algebra,Linear Equations,Linear Equations,incorrect,0,Order of operations,Order of operations
S048,Q04,Solve for x: 5x = 25,x = 5,x = 5,Mathematics,Algebra,Linear Equations,Linear Equations,correct,1,,
S048,Q05,Factor: x² + 5x + 6,(x+1)(x+6),(x+2)(x+3),Mathematics,Algebra,Factorization,Factorization,incorrect,0,Incorrect factor-pair selection,Incorrect factor-pair selection
S048,Q06,Factor: x² + 7x + 12,(x+3)(x+4),(x+3)(x+4),Mathematics,Algebra,Factorization,Factorization,correct,1,,
S048,Q07,Factor: x² - 9,(x-3)(x-3),(x+3)(x-3),Mathematics,Algebra,Factorization,Factorization,incorrect,0,Difference of squares confusion,Difference of squares confusion
S048,Q08,Factor: 2x² + 6x,2x(x+3),2x(x+3),Mathematics,Algebra,Factorization,Factorization,correct,1,,
S048,Q09,Solve: x² - 5x + 6 = 0,"x = 1, x = 6","x = 2, x = 3",Mathematics,Algebra,Quadratic Equations,Quadratic Equations,incorrect,0,Sign error in roots,Sign error in roots
S048,Q10,What is the discriminant of x² + 4x + 4 = 0?,0,0,Mathematics,Algebra,Quadratic Equations,Quadratic Equations,correct,1,,
S048,Q11,Solve: x² = 16,x = 8,"x = 4, x = -4",Mathematics,Algebra,Quadratic Equations,Quadratic Equations,incorrect,0,Missing negative root,Missing negative root
S048,Q12,Solve using quadratic formula: x² - 3x - 10 = 0,"x = 5, x = 2","x = 5, x = -2",Mathematics,Algebra,Quadratic Equations,Quadratic Equations,incorrect,0,Formula application error,Formula application error
S048,Q13,"If f(x) = 2x + 1, find f(3)",6,7,Mathematics,Functions,Functions,Functions,incorrect,0,Substitution error,Substitution error
S048,Q14,What is the domain of f(x) = 1/x?,x > 0,All real numbers except 0,Mathematics,Functions,Functions,Functions,incorrect,0,Domain restriction oversight,Domain restriction oversight
S048,Q15,"If f(x) = x² and g(x) = x+1, find f(g(2))",4,9,Mathematics,Functions,Functions,Functions,incorrect,0,Composition order error,Composition order error
S048,Q16,Find the y-intercept of f(x) = 3x - 6,6,-6,Mathematics,Functions,Functions,Functions,incorrect,0,Intercept identification error,Intercept identification error
S048,Q17,Solve: 2x + 3 > 7,x > 3.5,x > 2,Mathematics,Algebra,Inequalities,Inequalities,incorrect,0,Arithmetic error,Arithmetic error
S048,Q18,Solve: -3x < 9,x < 3,x > -3,Mathematics,Algebra,Inequalities,Inequalities,incorrect,0,Sign flip with negative division,Sign flip with negative division
S048,Q19,Solve: |x| ≤ 5,x ≤ 5,-5 ≤ x ≤ 5,Mathematics,Algebra,Inequalities,Inequalities,incorrect,0,Absolute value misunderstanding,Absolute value misunderstanding
S048,Q20,Graph the solution: x ≥ -2,"Open circle at -2, shade right","Closed circle at -2, shade right",Mathematics,Algebra,Inequalities,Inequalities,incorrect,0,Inequality symbol confusion,Inequality symbol confusion
S049,Q01,Solve for x: 2x + 4 = 10,x = 2,x = 3,Mathematics,Algebra,Linear Equations,Linear Equations,incorrect,0,Arithmetic error,Arithmetic error
S049,Q02,Solve for x: 3x - 6 = 9,x = 1,x = 5,Mathematics,Algebra,Linear Equations,Linear Equations,incorrect,0,Sign error,Sign error
S049,Q03,Solve for x: x/2 + 3 = 7,x = 2,x = 8,Mathematics,Algebra,Linear Equations,Linear Equations,incorrect,0,Order of operations,Order of operations
S049,Q04,Solve for x: 5x = 25,x = 125,x = 5,Mathematics,Algebra,Linear Equations,Linear Equations,incorrect,0,Division error,Division error
S049,Q05,Factor: x² + 5x + 6,(x+3)(x+3),(x+2)(x+3),Mathematics,Algebra,Factorization,Factorization,incorrect,0,Incorrect factor-pair selection,Incorrect factor-pair selection
S049,Q06,Factor: x² + 7x + 12,(x+2)(x+6),(x+3)(x+4),Mathematics,Algebra,Factorization,Factorization,incorrect,0,Incorrect factor-pair selection,Incorrect factor-pair selection
S049,Q07,Factor: x² - 9,(x-3)(x-3),(x+3)(x-3),Mathematics,Algebra,Factorization,Factorization,incorrect,0,Difference of squares confusion,Difference of squares confusion
S049,Q08,Factor: 2x² + 6x,x(2x+6),2x(x+3),Mathematics,Algebra,Factorization,Factorization,incorrect,0,Incomplete factoring,Incomplete factoring
S049,Q09,Solve: x² - 5x + 6 = 0,"x = 1, x = 6","x = 2, x = 3",Mathematics,Algebra,Quadratic Equations,Quadratic Equations,incorrect,0,Sign error in roots,Sign error in roots
S049,Q10,What is the discriminant of x² + 4x + 4 = 0?,0,0,Mathematics,Algebra,Quadratic Equations,Quadratic Equations,correct,1,,
S049,Q11,Solve: x² = 16,x = 256,"x = 4, x = -4",Mathematics,Algebra,Quadratic Equations,Quadratic Equations,incorrect,0,Missing negative root,Missing negative root
S049,Q12,Solve using quadratic formula: x² - 3x - 10 = 0,"x = 5, x = -2","x = 5, x = -2",Mathematics,Algebra,Quadratic Equations,Quadratic Equations,correct,1,,
S049,Q13,"If f(x) = 2x + 1, find f(3)",7,7,Mathematics,Functions,Functions,Functions,correct,1,,
S049,Q14,What is the domain of f(x) = 1/x?,All real numbers,All real numbers except 0,Mathematics,Functions,Functions,Functions,incorrect,0,Domain restriction oversight,Domain restriction oversight
S049,Q15,"If f(x) = x² and g(x) = x+1, find f(g(2))",5,9,Mathematics,Functions,Functions,Functions,incorrect,0,Composition order error,Composition order error
S049,Q16,Find the y-intercept of f(x) = 3x - 6,-6,-6,Mathematics,Functions,Functions,Functions,correct,1,,
S049,Q17,Solve: 2x + 3 > 7,x > 2,x > 2,Mathematics,Algebra,Inequalities,Inequalities,correct,1,,
S049,Q18,Solve: -3x < 9,x > 3,x > -3,Mathematics,Algebra,Inequalities,Inequalities,incorrect,0,Sign flip with negative division,Sign flip with negative division
S049,Q19,Solve: |x| ≤ 5,-5 ≤ x ≤ 5,-5 ≤ x ≤ 5,Mathematics,Algebra,Inequalities,Inequalities,correct,1,,
S049,Q20,Graph the solution: x ≥ -2,"Closed circle at -2, shade right","Closed circle at -2, shade right",Mathematics,Algebra,Inequalities,Inequalities,correct,1,,
S050,Q01,Solve for x: 2x + 4 = 10,x = 3,x = 3,Mathematics,Algebra,Linear Equations,Linear Equations,correct,1,,
S050,Q02,Solve for x: 3x - 6 = 9,x = 3,x = 5,Mathematics,Algebra,Linear Equations,Linear Equations,incorrect,0,Sign error,Sign error
S050,Q03,Solve for x: x/2 + 3 = 7,x = 8,x = 8,Mathematics,Algebra,Linear Equations,Linear Equations,correct,1,,
S050,Q04,Solve for x: 5x = 25,x = 30,x = 5,Mathematics,Algebra,Linear Equations,Linear Equations,incorrect,0,Division error,Division error
S050,Q05,Factor: x² + 5x + 6,(x+3)(x+3),(x+2)(x+3),Mathematics,Algebra,Factorization,Factorization,incorrect,0,Incorrect factor-pair selection,Incorrect factor-pair selection
S050,Q06,Factor: x² + 7x + 12,(x+1)(x+12),(x+3)(x+4),Mathematics,Algebra,Factorization,Factorization,incorrect,0,Incorrect factor-pair selection,Incorrect factor-pair selection
S050,Q07,Factor: x² - 9,(x-3)(x-3),(x+3)(x-3),Mathematics,Algebra,Factorization,Factorization,incorrect,0,Difference of squares confusion,Difference of squares confusion
S050,Q08,Factor: 2x² + 6x,x(2x+6),2x(x+3),Mathematics,Algebra,Factorization,Factorization,incorrect,0,Incomplete factoring,Incomplete factoring
S050,Q09,Solve: x² - 5x + 6 = 0,"x = 2, x = -3","x = 2, x = 3",Mathematics,Algebra,Quadratic Equations,Quadratic Equations,incorrect,0,Sign error in roots,Sign error in roots
S050,Q10,What is the discriminant of x² + 4x + 4 = 0?,0,0,Mathematics,Algebra,Quadratic Equations,Quadratic Equations,correct,1,,
S050,Q11,Solve: x² = 16,x = 4,"x = 4, x = -4",Mathematics,Algebra,Quadratic Equations,Quadratic Equations,incorrect,0,Missing negative root,Missing negative root
S050,Q12,Solve using quadratic formula: x² - 3x - 10 = 0,"x = -5, x = 2","x = 5, x = -2",Mathematics,Algebra,Quadratic Equations,Quadratic Equations,incorrect,0,Formula application error,Formula application error
S050,Q13,"If f(x) = 2x + 1, find f(3)",7,7,Mathematics,Functions,Functions,Functions,correct,1,,
S050,Q14,What is the domain of f(x) = 1/x?,x > 0,All real numbers except 0,Mathematics,Functions,Functions,Functions,incorrect,0,Domain restriction oversight,Domain restriction oversight
S050,Q15,"If f(x) = x² and g(x) = x+1, find f(g(2))",9,9,Mathematics,Functions,Functions,Functions,correct,1,,
S050,Q16,Find the y-intercept of f(x) = 3x - 6,-6,-6,Mathematics,Functions,Functions,Functions,correct,1,,
S050,Q17,Solve: 2x + 3 > 7,x > 2,x > 2,Mathematics,Algebra,Inequalities,Inequalities,correct,1,,
S050,Q18,Solve: -3x < 9,x < 3,x > -3,Mathematics,Algebra,Inequalities,Inequalities,incorrect,0,Sign flip with negative division,Sign flip with negative division
S050,Q19,Solve: |x| ≤ 5,x ≥ -5,-5 ≤ x ≤ 5,Mathematics,Algebra,Inequalities,Inequalities,incorrect,0,Absolute value misunderstanding,Absolute value misunderstanding
S050,Q20,Graph the solution: x ≥ -2,"Open circle at -2, shade right","Closed circle at -2, shade right",Mathematics,Algebra,Inequalities,Inequalities,incorrect,0,Inequality symbol confusion,Inequality symbol confusion
S051,Q01,Solve for x: 2x + 4 = 10,x = 3,x = 3,Mathematics,Algebra,Linear Equations,Linear Equations,correct,1,,
S051,Q02,Solve for x: 3x - 6 = 9,x = 3,x = 5,Mathematics,Algebra,Linear Equations,Linear Equations,incorrect,0,Sign error,Sign error
S051,Q03,Solve for x: x/2 + 3 = 7,x = 8,x = 8,Mathematics,Algebra,Linear Equations,Linear Equations,correct,1,,
S051,Q04,Solve for x: 5x = 25,x = 20,x = 5,Mathematics,Algebra,Linear Equations,Linear Equations,incorrect,0,Division error,Division error
S051,Q05,Factor: x² + 5x + 6,(x+2)(x+2),(x+2)(x+3),Mathematics,Algebra,Factorization,Factorization,incorrect,0,Incorrect factor-pair selection,Incorrect factor-pair selection
S051,Q06,Factor: x² + 7x + 12,(x+1)(x+12),(x+3)(x+4),Mathematics,Algebra,Factorization,Factorization,incorrect,0,Incorrect factor-pair selection,Incorrect factor-pair selection
S051,Q07,Factor: x² - 9,(x-3)(x-3),(x+3)(x-3),Mathematics,Algebra,Factorization,Factorization,incorrect,0,Difference of squares confusion,Difference of squares confusion
S051,Q08,Factor: 2x² + 6x,2x(x+3),2x(x+3),Mathematics,Algebra,Factorization,Factorization,correct,1,,
S051,Q09,Solve: x² - 5x + 6 = 0,"x = 2, x = -3","x = 2, x = 3",Mathematics,Algebra,Quadratic Equations,Quadratic Equations,incorrect,0,Sign error in roots,Sign error in roots
S051,Q10,What is the discriminant of x² + 4x + 4 = 0?,16,0,Mathematics,Algebra,Quadratic Equations,Quadratic Equations,incorrect,0,Discriminant formula error,Discriminant formula error
S051,Q11,Solve: x² = 16,"x = 4, x = -4","x = 4, x = -4",Mathematics,Algebra,Quadratic Equations,Quadratic Equations,correct,1,,
S051,Q12,Solve using quadratic formula: x² - 3x - 10 = 0,"x = 5, x = -2","x = 5, x = -2",Mathematics,Algebra,Quadratic Equations,Quadratic Equations,correct,1,,
S051,Q13,"If f(x) = 2x + 1, find f(3)",7,7,Mathematics,Functions,Functions,Functions,correct,1,,
S051,Q14,What is the domain of f(x) = 1/x?,All real numbers,All real numbers except 0,Mathematics,Functions,Functions,Functions,incorrect,0,Domain restriction oversight,Domain restriction oversight
S051,Q15,"If f(x) = x² and g(x) = x+1, find f(g(2))",6,9,Mathematics,Functions,Functions,Functions,incorrect,0,Composition order error,Composition order error
S051,Q16,Find the y-intercept of f(x) = 3x - 6,2,-6,Mathematics,Functions,Functions,Functions,incorrect,0,Intercept identification error,Intercept identification error
S051,Q17,Solve: 2x + 3 > 7,x > 5,x > 2,Mathematics,Algebra,Inequalities,Inequalities,incorrect,0,Arithmetic error,Arithmetic error
S051,Q18,Solve: -3x < 9,x < -3,x > -3,Mathematics,Algebra,Inequalities,Inequalities,incorrect,0,Sign flip with negative division,Sign flip with negative division
S051,Q19,Solve: |x| ≤ 5,-5 ≤ x ≤ 5,-5 ≤ x ≤ 5,Mathematics,Algebra,Inequalities,Inequalities,correct,1,,
S051,Q20,Graph the solution: x ≥ -2,"Open circle at -2, shade right","Closed circle at -2, shade right",Mathematics,Algebra,Inequalities,Inequalities,incorrect,0,Inequality symbol confusion,Inequality symbol confusion
S052,Q03,Solve for x: x/2 + 3 = 7,x = 8,x = 8,Mathematics,Algebra,Linear Equations,Linear Equations,correct,1,,
S052,Q05,Factor: x² + 5x + 6,(x+2)(x+2),(x+2)(x+3),Mathematics,Algebra,Factorization,Factorization,incorrect,0,Incorrect factor-pair selection,Incorrect factor-pair selection
S052,Q06,Factor: x² + 7x + 12,(x+3)(x+4),(x+3)(x+4),Mathematics,Algebra,Factorization,Factorization,correct,1,,
S052,Q07,Factor: x² - 9,(x-3)(x-3),(x+3)(x-3),Mathematics,Algebra,Factorization,Factorization,incorrect,0,Difference of squares confusion,Difference of squares confusion
S052,Q08,Factor: 2x² + 6x,x(2x+6),2x(x+3),Mathematics,Algebra,Factorization,Factorization,incorrect,0,Incomplete factoring,Incomplete factoring
S052,Q09,Solve: x² - 5x + 6 = 0,"x = 1, x = 6","x = 2, x = 3",Mathematics,Algebra,Quadratic Equations,Quadratic Equations,incorrect,0,Sign error in roots,Sign error in roots
S052,Q10,What is the discriminant of x² + 4x + 4 = 0?,0,0,Mathematics,Algebra,Quadratic Equations,Quadratic Equations,correct,1,,
S052,Q11,Solve: x² = 16,x = 4,"x = 4, x = -4",Mathematics,Algebra,Quadratic Equations,Quadratic Equations,incorrect,0,Missing negative root,Missing negative root
S052,Q12,Solve using quadratic formula: x² - 3x - 10 = 0,"x = 5, x = -2","x = 5, x = -2",Mathematics,Algebra,Quadratic Equations,Quadratic Equations,correct,1,,
S052,Q13,"If f(x) = 2x + 1, find f(3)",6,7,Mathematics,Functions,Functions,Functions,incorrect,0,Substitution error,Substitution error
S052,Q14,What is the domain of f(x) = 1/x?,All real numbers,All real numbers except 0,Mathematics,Functions,Functions,Functions,incorrect,0,Domain restriction oversight,Domain restriction oversight
S052,Q15,"If f(x) = x² and g(x) = x+1, find f(g(2))",9,9,Mathematics,Functions,Functions,Functions,correct,1,,
S052,Q16,Find the y-intercept of f(x) = 3x - 6,-6,-6,Mathematics,Functions,Functions,Functions,correct,1,,
S052,Q17,Solve: 2x + 3 > 7,x > 5,x > 2,Mathematics,Algebra,Inequalities,Inequalities,incorrect,0,Arithmetic error,Arithmetic error
S052,Q18,Solve: -3x < 9,x > 3,x > -3,Mathematics,Algebra,Inequalities,Inequalities,incorrect,0,Sign flip with negative division,Sign flip with negative division
S052,Q19,Solve: |x| ≤ 5,x ≤ 5,-5 ≤ x ≤ 5,Mathematics,Algebra,Inequalities,Inequalities,incorrect,0,Absolute value misunderstanding,Absolute value misunderstanding
S052,Q20,Graph the solution: x ≥ -2,"Closed circle at -2, shade left","Closed circle at -2, shade right",Mathematics,Algebra,Inequalities,Inequalities,incorrect,0,Inequality symbol confusion,Inequality symbol confusion
S053,Q01,Solve for x: 2x + 4 = 10,x = 5,x = 3,Mathematics,Algebra,Linear Equations,Linear Equations,incorrect,0,Arithmetic error,Arithmetic error
S053,Q02,Solve for x: 3x - 6 = 9,x = 1,x = 5,Mathematics,Algebra,Linear Equations,Linear Equations,incorrect,0,Sign error,Sign error
S053,Q03,Solve for x: x/2 + 3 = 7,x = 8,x = 8,Mathematics,Algebra,Linear Equations,Linear Equations,correct,1,,
S053,Q04,Solve for x: 5x = 25,x = 20,x = 5,Mathematics,Algebra,Linear Equations,Linear Equations,incorrect,0,Division error,Division error
S053,Q05,Factor: x² + 5x + 6,(x+1)(x+6),(x+2)(x+3),Mathematics,Algebra,Factorization,Factorization,incorrect,0,Incorrect factor-pair selection,Incorrect factor-pair selection
S053,Q06,Factor: x² + 7x + 12,(x+1)(x+12),(x+3)(x+4),Mathematics,Algebra,Factorization,Factorization,incorrect,0,Incorrect factor-pair selection,Incorrect factor-pair selection
S053,Q07,Factor: x² - 9,(x-3)(x-3),(x+3)(x-3),Mathematics,Algebra,Factorization,Factorization,incorrect,0,Difference of squares confusion,Difference of squares confusion
S053,Q08,Factor: 2x² + 6x,2x(x+3),2x(x+3),Mathematics,Algebra,Factorization,Factorization,correct,1,,
S053,Q09,Solve: x² - 5x + 6 = 0,"x = 2, x = 3","x = 2, x = 3",Mathematics,Algebra,Quadratic Equations,Quadratic Equations,correct,1,,
S053,Q10,What is the discriminant of x² + 4x + 4 = 0?,16,0,Mathematics,Algebra,Quadratic Equations,Quadratic Equations,incorrect,0,Discriminant formula error,Discriminant formula error
S053,Q11,Solve: x² = 16,"x = 4, x = -4","x = 4, x = -4",Mathematics,Algebra,Quadratic Equations,Quadratic Equations,correct,1,,
S053,Q12,Solve using quadratic formula: x² - 3x - 10 = 0,"x = 5, x = 2","x = 5, x = -2",Mathematics,Algebra,Quadratic Equations,Quadratic Equations,incorrect,0,Formula application error,Formula application error
S053,Q13,"If f(x) = 2x + 1, find f(3)",5,7,Mathematics,Functions,Functions,Functions,incorrect,0,Substitution error,Substitution error
S053,Q14,What is the domain of f(x) = 1/x?,x > 0,All real numbers except 0,Mathematics,Functions,Functions,Functions,incorrect,0,Domain restriction oversight,Domain restriction oversight
S053,Q15,"If f(x) = x² and g(x) = x+1, find f(g(2))",9,9,Mathematics,Functions,Functions,Functions,correct,1,,
S053,Q16,Find the y-intercept of f(x) = 3x - 6,6,-6,Mathematics,Functions,Functions,Functions,incorrect,0,Intercept identification error,Intercept identification error
S053,Q17,Solve: 2x + 3 > 7,x < 2,x > 2,Mathematics,Algebra,Inequalities,Inequalities,incorrect,0,Arithmetic error,Arithmetic error
S053,Q18,Solve: -3x < 9,x < 3,x > -3,Mathematics,Algebra,Inequalities,Inequalities,incorrect,0,Sign flip with negative division,Sign flip with negative division
S053,Q19,Solve: |x| ≤ 5,x ≤ 5,-5 ≤ x ≤ 5,Mathematics,Algebra,Inequalities,Inequalities,incorrect,0,Absolute value misunderstanding,Absolute value misunderstanding
S053,Q20,Graph the solution: x ≥ -2,"Open circle at 2, shade right","Closed circle at -2, shade right",Mathematics,Algebra,Inequalities,Inequalities,incorrect,0,Inequality symbol confusion,Inequality symbol confusion
S054,Q01,Solve for x: 2x + 4 = 10,x = 3,x = 3,Mathematics,Algebra,Linear Equations,Linear Equations,correct,1,,
S054,Q02,Solve for x: 3x - 6 = 9,x = 5,x = 5,Mathematics,Algebra,Linear Equations,Linear Equations,correct,1,,
S054,Q03,Solve for x: x/2 + 3 = 7,x = 8,x = 8,Mathematics,Algebra,Linear Equations,Linear Equations,correct,1,,
S054,Q04,Solve for x: 5x = 25,x = 5,x = 5,Mathematics,Algebra,Linear Equations,Linear Equations,correct,1,,
S054,Q05,Factor: x² + 5x + 6,(x+1)(x+6),(x+2)(x+3),Mathematics,Algebra,Factorization,Factorization,incorrect,0,Incorrect factor-pair selection,Incorrect factor-pair selection
S054,Q06,Factor: x² + 7x + 12,(x+4)(x+4),(x+3)(x+4),Mathematics,Algebra,Factorization,Factorization,incorrect,0,Incorrect factor-pair selection,Incorrect factor-pair selection
S054,Q07,Factor: x² - 9,(x+9)(x-1),(x+3)(x-3),Mathematics,Algebra,Factorization,Factorization,incorrect,0,Difference of squares confusion,Difference of squares confusion
S054,Q08,Factor: 2x² + 6x,2(x²+3x),2x(x+3),Mathematics,Algebra,Factorization,Factorization,incorrect,0,Incomplete factoring,Incomplete factoring
S054,Q09,Solve: x² - 5x + 6 = 0,"x = 2, x = 3","x = 2, x = 3",Mathematics,Algebra,Quadratic Equations,Quadratic Equations,correct,1,,
S054,Q10,What is the discriminant of x² + 4x + 4 = 0?,8,0,Mathematics,Algebra,Quadratic Equations,Quadratic Equations,incorrect,0,Discriminant formula error,Discriminant formula error
S054,Q11,Solve: x² = 16,x = 256,"x = 4, x = -4",Mathematics,Algebra,Quadratic Equations,Quadratic Equations,incorrect,0,Missing negative root,Missing negative root
S054,Q12,Solve using quadratic formula: x² - 3x - 10 = 0,"x = -5, x = 2","x = 5, x = -2",Mathematics,Algebra,Quadratic Equations,Quadratic Equations,incorrect,0,Formula application error,Formula application error
S054,Q13,"If f(x) = 2x + 1, find f(3)",7,7,Mathematics,Functions,Functions,Functions,correct,1,,
S054,Q14,What is the domain of f(x) = 1/x?,x ≥ 0,All real numbers except 0,Mathematics,Functions,Functions,Functions,incorrect,0,Domain restriction oversight,Domain restriction oversight
S054,Q15,"If f(x) = x² and g(x) = x+1, find f(g(2))",9,9,Mathematics,Functions,Functions,Functions,correct,1,,
S054,Q16,Find the y-intercept of f(x) = 3x - 6,6,-6,Mathematics,Functions,Functions,Functions,incorrect,0,Intercept identification error,Intercept identification error
S054,Q17,Solve: 2x + 3 > 7,x > 2,x > 2,Mathematics,Algebra,Inequalities,Inequalities,correct,1,,
S054,Q18,Solve: -3x < 9,x > -3,x > -3,Mathematics,Algebra,Inequalities,Inequalities,correct,1,,
S054,Q19,Solve: |x| ≤ 5,x = 5,-5 ≤ x ≤ 5,Mathematics,Algebra,Inequalities,Inequalities,incorrect,0,Absolute value misunderstanding,Absolute value misunderstanding
S054,Q20,Graph the solution: x ≥ -2,"Open circle at -2, shade right","Closed circle at -2, shade right",Mathematics,Algebra,Inequalities,Inequalities,incorrect,0,Inequality symbol confusion,Inequality symbol confusion
S055,Q01,Solve for x: 2x + 4 = 10,x = 3,x = 3,Mathematics,Algebra,Linear Equations,Linear Equations,correct,1,,
S055,Q02,Solve for x: 3x - 6 = 9,x = 5,x = 5,Mathematics,Algebra,Linear Equations,Linear Equations,correct,1,,
S055,Q03,Solve for x: x/2 + 3 = 7,x = 8,x = 8,Mathematics,Algebra,Linear Equations,Linear Equations,correct,1,,
S055,Q04,Solve for x: 5x = 25,x = 5,x = 5,Mathematics,Algebra,Linear Equations,Linear Equations,correct,1,,
S055,Q05,Factor: x² + 5x + 6,(x+3)(x+3),(x+2)(x+3),Mathematics,Algebra,Factorization,Factorization,incorrect,0,Incorrect factor-pair selection,Incorrect factor-pair selection
S055,Q06,Factor: x² + 7x + 12,(x+1)(x+12),(x+3)(x+4),Mathematics,Algebra,Factorization,Factorization,incorrect,0,Incorrect factor-pair selection,Incorrect factor-pair selection
S055,Q07,Factor: x² - 9,(x+3)(x-3),(x+3)(x-3),Mathematics,Algebra,Factorization,Factorization,correct,1,,
S055,Q08,Factor: 2x² + 6x,x(2x+6),2x(x+3),Mathematics,Algebra,Factorization,Factorization,incorrect,0,Incomplete factoring,Incomplete factoring
S055,Q09,Solve: x² - 5x + 6 = 0,"x = -2, x = -3","x = 2, x = 3",Mathematics,Algebra,Quadratic Equations,Quadratic Equations,incorrect,0,Sign error in roots,Sign error in roots
S055,Q10,What is the discriminant of x² + 4x + 4 = 0?,0,0,Mathematics,Algebra,Quadratic Equations,Quadratic Equations,correct,1,,
S055,Q11,Solve: x² = 16,"x = 4, x = -4","x = 4, x = -4",Mathematics,Algebra,Quadratic Equations,Quadratic Equations,correct,1,,
S055,Q12,Solve using quadratic formula: x² - 3x - 10 = 0,"x = 5, x = -2","x = 5, x = -2",Mathematics,Algebra,Quadratic Equations,Quadratic Equations,correct,1,,
S055,Q13,"If f(x) = 2x + 1, find f(3)",5,7,Mathematics,Functions,Functions,Functions,incorrect,0,Substitution error,Substitution error
S055,Q14,What is the domain of f(x) = 1/x?,All real numbers,All real numbers except 0,Mathematics,Functions,Functions,Functions,incorrect,0,Domain restriction oversight,Domain restriction oversight
S055,Q15,"If f(x) = x² and g(x) = x+1, find f(g(2))",5,9,Mathematics,Functions,Functions,Functions,incorrect,0,Composition order error,Composition order error
S055,Q16,Find the y-intercept of f(x) = 3x - 6,-6,-6,Mathematics,Functions,Functions,Functions,correct,1,,
S055,Q17,Solve: 2x + 3 > 7,x > 2,x > 2,Mathematics,Algebra,Inequalities,Inequalities,correct,1,,
S055,Q18,Solve: -3x < 9,x > -3,x > -3,Mathematics,Algebra,Inequalities,Inequalities,correct,1,,
S055,Q19,Solve: |x| ≤ 5,x = 5,-5 ≤ x ≤ 5,Mathematics,Algebra,Inequalities,Inequalities,incorrect,0,Absolute value misunderstanding,Absolute value misunderstanding
S055,Q20,Graph the solution: x ≥ -2,"Open circle at 2, shade right","Closed circle at -2, shade right",Mathematics,Algebra,Inequalities,Inequalities,incorrect,0,Inequality symbol confusion,Inequality symbol confusion
S056,Q01,Solve for x: 2x + 4 = 10,x = 7,x = 3,Mathematics,Algebra,Linear Equations,Linear Equations,incorrect,0,Arithmetic error,Arithmetic error
S056,Q02,Solve for x: 3x - 6 = 9,x = 5,x = 5,Mathematics,Algebra,Linear Equations,Linear Equations,correct,1,,
S056,Q03,Solve for x: x/2 + 3 = 7,x = 4,x = 8,Mathematics,Algebra,Linear Equations,Linear Equations,incorrect,0,Order of operations,Order of operations
S056,Q04,Solve for x: 5x = 25,x = 30,x = 5,Mathematics,Algebra,Linear Equations,Linear Equations,incorrect,0,Division error,Division error
S056,Q05,Factor: x² + 5x + 6,(x+2)(x+3),(x+2)(x+3),Mathematics,Algebra,Factorization,Factorization,correct,1,,
S056,Q06,Factor: x² + 7x + 12,(x+1)(x+12),(x+3)(x+4),Mathematics,Algebra,Factorization,Factorization,incorrect,0,Incorrect factor-pair selection,Incorrect factor-pair selection
S056,Q07,Factor: x² - 9,(x+3)(x-3),(x+3)(x-3),Mathematics,Algebra,Factorization,Factorization,correct,1,,
S056,Q08,Factor: 2x² + 6x,2x(x+3),2x(x+3),Mathematics,Algebra,Factorization,Factorization,correct,1,,
S056,Q09,Solve: x² - 5x + 6 = 0,"x = -2, x = -3","x = 2, x = 3",Mathematics,Algebra,Quadratic Equations,Quadratic Equations,incorrect,0,Sign error in roots,Sign error in roots
S056,Q10,What is the discriminant of x² + 4x + 4 = 0?,0,0,Mathematics,Algebra,Quadratic Equations,Quadratic Equations,correct,1,,
S056,Q11,Solve: x² = 16,x = 4,"x = 4, x = -4",Mathematics,Algebra,Quadratic Equations,Quadratic Equations,incorrect,0,Missing negative root,Missing negative root
S056,Q12,Solve using quadratic formula: x² - 3x - 10 = 0,"x = 5, x = 2","x = 5, x = -2",Mathematics,Algebra,Quadratic Equations,Quadratic Equations,incorrect,0,Formula application error,Formula application error
S056,Q13,"If f(x) = 2x + 1, find f(3)",7,7,Mathematics,Functions,Functions,Functions,correct,1,,
S056,Q14,What is the domain of f(x) = 1/x?,All real numbers except 0,All real numbers except 0,Mathematics,Functions,Functions,Functions,correct,1,,
S056,Q15,"If f(x) = x² and g(x) = x+1, find f(g(2))",9,9,Mathematics,Functions,Functions,Functions,correct,1,,
S056,Q16,Find the y-intercept of f(x) = 3x - 6,-6,-6,Mathematics,Functions,Functions,Functions,correct,1,,
S056,Q17,Solve: 2x + 3 > 7,x > 2,x > 2,Mathematics,Algebra,Inequalities,Inequalities,correct,1,,
S056,Q18,Solve: -3x < 9,x > -3,x > -3,Mathematics,Algebra,Inequalities,Inequalities,correct,1,,
S056,Q19,Solve: |x| ≤ 5,x ≤ 5,-5 ≤ x ≤ 5,Mathematics,Algebra,Inequalities,Inequalities,incorrect,0,Absolute value misunderstanding,Absolute value misunderstanding
S056,Q20,Graph the solution: x ≥ -2,"Open circle at -2, shade right","Closed circle at -2, shade right",Mathematics,Algebra,Inequalities,Inequalities,incorrect,0,Inequality symbol confusion,Inequality symbol confusion
S057,Q01,Solve for x: 2x + 4 = 10,x = 3,x = 3,Mathematics,Algebra,Linear Equations,Linear Equations,correct,1,,
S057,Q02,Solve for x: 3x - 6 = 9,x = 15,x = 5,Mathematics,Algebra,Linear Equations,Linear Equations,incorrect,0,Sign error,Sign error
S057,Q03,Solve for x: x/2 + 3 = 7,x = 2,x = 8,Mathematics,Algebra,Linear Equations,Linear Equations,incorrect,0,Order of operations,Order of operations
S057,Q04,Solve for x: 5x = 25,x = 5,x = 5,Mathematics,Algebra,Linear Equations,Linear Equations,correct,1,,
S057,Q05,Factor: x² + 5x + 6,(x+1)(x+6),(x+2)(x+3),Mathematics,Algebra,Factorization,Factorization,incorrect,0,Incorrect factor-pair selection,Incorrect factor-pair selection
S057,Q06,Factor: x² + 7x + 12,(x+1)(x+12),(x+3)(x+4),Mathematics,Algebra,Factorization,Factorization,incorrect,0,Incorrect factor-pair selection,Incorrect factor-pair selection
S057,Q07,Factor: x² - 9,(x+3)(x-3),(x+3)(x-3),Mathematics,Algebra,Factorization,Factorization,correct,1,,
S057,Q08,Factor: 2x² + 6x,2x(x+6),2x(x+3),Mathematics,Algebra,Factorization,Factorization,incorrect,0,Incomplete factoring,Incomplete factoring
S057,Q09,Solve: x² - 5x + 6 = 0,"x = 2, x = 3","x = 2, x = 3",Mathematics,Algebra,Quadratic Equations,Quadratic Equations,correct,1,,
S057,Q10,What is the discriminant of x² + 4x + 4 = 0?,0,0,Mathematics,Algebra,Quadratic Equations,Quadratic Equations,correct,1,,
S057,Q11,Solve: x² = 16,x = 4,"x = 4, x = -4",Mathematics,Algebra,Quadratic Equations,Quadratic Equations,incorrect,0,Missing negative root,Missing negative root
S057,Q12,Solve using quadratic formula: x² - 3x - 10 = 0,"x = 5, x = -2","x = 5, x = -2",Mathematics,Algebra,Quadratic Equations,Quadratic Equations,correct,1,,
S057,Q13,"If f(x) = 2x + 1, find f(3)",7,7,Mathematics,Functions,Functions,Functions,correct,1,,
S057,Q14,What is the domain of f(x) = 1/x?,All real numbers,All real numbers except 0,Mathematics,Functions,Functions,Functions,incorrect,0,Domain restriction oversight,Domain restriction oversight
S057,Q15,"If f(x) = x² and g(x) = x+1, find f(g(2))",4,9,Mathematics,Functions,Functions,Functions,incorrect,0,Composition order error,Composition order error
S057,Q16,Find the y-intercept of f(x) = 3x - 6,6,-6,Mathematics,Functions,Functions,Functions,incorrect,0,Intercept identification error,Intercept identification error
S057,Q17,Solve: 2x + 3 > 7,x < 2,x > 2,Mathematics,Algebra,Inequalities,Inequalities,incorrect,0,Arithmetic error,Arithmetic error
S057,Q18,Solve: -3x < 9,x > -3,x > -3,Mathematics,Algebra,Inequalities,Inequalities,correct,1,,
S057,Q19,Solve: |x| ≤ 5,x = 5,-5 ≤ x ≤ 5,Mathematics,Algebra,Inequalities,Inequalities,incorrect,0,Absolute value misunderstanding,Absolute value misunderstanding
S057,Q20,Graph the solution: x ≥ -2,"Closed circle at -2, shade right","Closed circle at -2, shade right",Mathematics,Algebra,Inequalities,Inequalities,correct,1,,
S058,Q01,Solve for x: 2x + 4 = 10,x = 2,x = 3,Mathematics,Algebra,Linear Equations,Linear Equations,incorrect,0,Arithmetic error,Arithmetic error
S058,Q02,Solve for x: 3x - 6 = 9,x = 5,x = 5,Mathematics,Algebra,Linear Equations,Linear Equations,correct,1,,
S058,Q03,Solve for x: x/2 + 3 = 7,x = 4,x = 8,Mathematics,Algebra,Linear Equations,Linear Equations,incorrect,0,Order of operations,Order of operations
S058,Q04,Solve for x: 5x = 25,x = 30,x = 5,Mathematics,Algebra,Linear Equations,Linear Equations,incorrect,0,Division error,Division error
S058,Q05,Factor: x² + 5x + 6,(x+1)(x+6),(x+2)(x+3),Mathematics,Algebra,Factorization,Factorization,incorrect,0,Incorrect factor-pair selection,Incorrect factor-pair selection
S058,Q06,Factor: x² + 7x + 12,(x+2)(x+6),(x+3)(x+4),Mathematics,Algebra,Factorization,Factorization,incorrect,0,Incorrect factor-pair selection,Incorrect factor-pair selection
S058,Q07,Factor: x² - 9,(x-3)(x-3),(x+3)(x-3),Mathematics,Algebra,Factorization,Factorization,incorrect,0,Difference of squares confusion,Difference of squares confusion
S058,Q08,Factor: 2x² + 6x,x(2x+6),2x(x+3),Mathematics,Algebra,Factorization,Factorization,incorrect,0,Incomplete factoring,Incomplete factoring
S058,Q09,Solve: x² - 5x + 6 = 0,"x = 1, x = 6","x = 2, x = 3",Mathematics,Algebra,Quadratic Equations,Quadratic Equations,incorrect,0,Sign error in roots,Sign error in roots
S058,Q10,What is the discriminant of x² + 4x + 4 = 0?,0,0,Mathematics,Algebra,Quadratic Equations,Quadratic Equations,correct,1,,
S058,Q11,Solve: x² = 16,x = 8,"x = 4, x = -4",Mathematics,Algebra,Quadratic Equations,Quadratic Equations,incorrect,0,Missing negative root,Missing negative root
S058,Q12,Solve using quadratic formula: x² - 3x - 10 = 0,"x = -5, x = 2","x = 5, x = -2",Mathematics,Algebra,Quadratic Equations,Quadratic Equations,incorrect,0,Formula application error,Formula application error
S058,Q13,"If f(x) = 2x + 1, find f(3)",9,7,Mathematics,Functions,Functions,Functions,incorrect,0,Substitution error,Substitution error
S058,Q14,What is the domain of f(x) = 1/x?,x > 0,All real numbers except 0,Mathematics,Functions,Functions,Functions,incorrect,0,Domain restriction oversight,Domain restriction oversight
S058,Q15,"If f(x) = x² and g(x) = x+1, find f(g(2))",9,9,Mathematics,Functions,Functions,Functions,correct,1,,
S058,Q16,Find the y-intercept of f(x) = 3x - 6,-6,-6,Mathematics,Functions,Functions,Functions,correct,1,,
S058,Q17,Solve: 2x + 3 > 7,x < 2,x > 2,Mathematics,Algebra,Inequalities,Inequalities,incorrect,0,Arithmetic error,Arithmetic error
S058,Q18,Solve: -3x < 9,x < -3,x > -3,Mathematics,Algebra,Inequalities,Inequalities,incorrect,0,Sign flip with negative division,Sign flip with negative division
S058,Q19,Solve: |x| ≤ 5,-5 ≤ x ≤ 5,-5 ≤ x ≤ 5,Mathematics,Algebra,Inequalities,Inequalities,correct,1,,
S058,Q20,Graph the solution: x ≥ -2,"Closed circle at -2, shade right","Closed circle at -2, shade right",Mathematics,Algebra,Inequalities,Inequalities,correct,1,,
S059,Q02,Solve for x: 3x - 6 = 9,x = 1,x = 5,Mathematics,Algebra,Linear Equations,Linear Equations,incorrect,0,Sign error,Sign error
S059,Q05,Factor: x² + 5x + 6,(x+2)(x+3),(x+2)(x+3),Mathematics,Algebra,Factorization,Factorization,correct,1,,
S059,Q06,Factor: x² + 7x + 12,(x+1)(x+12),(x+3)(x+4),Mathematics,Algebra,Factorization,Factorization,incorrect,0,Incorrect factor-pair selection,Incorrect factor-pair selection
S059,Q07,Factor: x² - 9,(x+9)(x-1),(x+3)(x-3),Mathematics,Algebra,Factorization,Factorization,incorrect,0,Difference of squares confusion,Difference of squares confusion
S059,Q08,Factor: 2x² + 6x,2x(x+3),2x(x+3),Mathematics,Algebra,Factorization,Factorization,correct,1,,
S059,Q09,Solve: x² - 5x + 6 = 0,"x = 1, x = 6","x = 2, x = 3",Mathematics,Algebra,Quadratic Equations,Quadratic Equations,incorrect,0,Sign error in roots,Sign error in roots
S059,Q10,What is the discriminant of x² + 4x + 4 = 0?,0,0,Mathematics,Algebra,Quadratic Equations,Quadratic Equations,correct,1,,
S059,Q11,Solve: x² = 16,x = 256,"x = 4, x = -4",Mathematics,Algebra,Quadratic Equations,Quadratic Equations,incorrect,0,Missing negative root,Missing negative root
S059,Q12,Solve using quadratic formula: x² - 3x - 10 = 0,"x = -5, x = 2","x = 5, x = -2",Mathematics,Algebra,Quadratic Equations,Quadratic Equations,incorrect,0,Formula application error,Formula application error
S059,Q13,"If f(x) = 2x + 1, find f(3)",7,7,Mathematics,Functions,Functions,Functions,correct,1,,
S059,Q14,What is the domain of f(x) = 1/x?,x > 0,All real numbers except 0,Mathematics,Functions,Functions,Functions,incorrect,0,Domain restriction oversight,Domain restriction oversight
S059,Q15,"If f(x) = x² and g(x) = x+1, find f(g(2))",6,9,Mathematics,Functions,Functions,Functions,incorrect,0,Composition order error,Composition order error
S059,Q16,Find the y-intercept of f(x) = 3x - 6,-6,-6,Mathematics,Functions,Functions,Functions,correct,1,,
S059,Q17,Solve: 2x + 3 > 7,x > 5,x > 2,Mathematics,Algebra,Inequalities,Inequalities,incorrect,0,Arithmetic error,Arithmetic error
S059,Q18,Solve: -3x < 9,x > -3,x > -3,Mathematics,Algebra,Inequalities,Inequalities,correct,1,,
S059,Q19,Solve: |x| ≤ 5,-5 ≤ x ≤ 5,-5 ≤ x ≤ 5,Mathematics,Algebra,Inequalities,Inequalities,correct,1,,
S059,Q20,Graph the solution: x ≥ -2,"Closed circle at -2, shade right","Closed circle at -2, shade right",Mathematics,Algebra,Inequalities,Inequalities,correct,1,,
S060,Q01,Solve for x: 2x + 4 = 10,x = 5,x = 3,Mathematics,Algebra,Linear Equations,Linear Equations,incorrect,0,Arithmetic error,Arithmetic error
S060,Q02,Solve for x: 3x - 6 = 9,x = 1,x = 5,Mathematics,Algebra,Linear Equations,Linear Equations,incorrect,0,Sign error,Sign error
S060,Q03,Solve for x: x/2 + 3 = 7,x = 8,x = 8,Mathematics,Algebra,Linear Equations,Linear Equations,correct,1,,
S060,Q04,Solve for x: 5x = 25,x = 20,x = 5,Mathematics,Algebra,Linear Equations,Linear Equations,incorrect,0,Division error,Division error
S060,Q05,Factor: x² + 5x + 6,(x+3)(x+3),(x+2)(x+3),Mathematics,Algebra,Factorization,Factorization,incorrect,0,Incorrect factor-pair selection,Incorrect factor-pair selection
S060,Q06,Factor: x² + 7x + 12,(x+2)(x+6),(x+3)(x+4),Mathematics,Algebra,Factorization,Factorization,incorrect,0,Incorrect factor-pair selection,Incorrect factor-pair selection
S060,Q07,Factor: x² - 9,(x-3)(x-3),(x+3)(x-3),Mathematics,Algebra,Factorization,Factorization,incorrect,0,Difference of squares confusion,Difference of squares confusion
S060,Q08,Factor: 2x² + 6x,2x(x+6),2x(x+3),Mathematics,Algebra,Factorization,Factorization,incorrect,0,Incomplete factoring,Incomplete factoring
S060,Q09,Solve: x² - 5x + 6 = 0,"x = 1, x = 6","x = 2, x = 3",Mathematics,Algebra,Quadratic Equations,Quadratic Equations,incorrect,0,Sign error in roots,Sign error in roots
S060,Q10,What is the discriminant of x² + 4x + 4 = 0?,8,0,Mathematics,Algebra,Quadratic Equations,Quadratic Equations,incorrect,0,Discriminant formula error,Discriminant formula error
S060,Q11,Solve: x² = 16,x = 4,"x = 4, x = -4",Mathematics,Algebra,Quadratic Equations,Quadratic Equations,incorrect,0,Missing negative root,Missing negative root
S060,Q12,Solve using quadratic formula: x² - 3x - 10 = 0,"x = 5, x = 2","x = 5, x = -2",Mathematics,Algebra,Quadratic Equations,Quadratic Equations,incorrect,0,Formula application error,Formula application error
S060,Q13,"If f(x) = 2x + 1, find f(3)",6,7,Mathematics,Functions,Functions,Functions,incorrect,0,Substitution error,Substitution error
S060,Q14,What is the domain of f(x) = 1/x?,All real numbers except 0,All real numbers except 0,Mathematics,Functions,Functions,Functions,correct,1,,
S060,Q15,"If f(x) = x² and g(x) = x+1, find f(g(2))",4,9,Mathematics,Functions,Functions,Functions,incorrect,0,Composition order error,Composition order error
S060,Q16,Find the y-intercept of f(x) = 3x - 6,2,-6,Mathematics,Functions,Functions,Functions,incorrect,0,Intercept identification error,Intercept identification error
S060,Q17,Solve: 2x + 3 > 7,x > 5,x > 2,Mathematics,Algebra,Inequalities,Inequalities,incorrect,0,Arithmetic error,Arithmetic error
S060,Q18,Solve: -3x < 9,x > -3,x > -3,Mathematics,Algebra,Inequalities,Inequalities,correct,1,,
S060,Q19,Solve: |x| ≤ 5,x ≥ -5,-5 ≤ x ≤ 5,Mathematics,Algebra,Inequalities,Inequalities,incorrect,0,Absolute value misunderstanding,Absolute value misunderstanding
S060,Q20,Graph the solution: x ≥ -2,"Open circle at -2, shade right","Closed circle at -2, shade right",Mathematics,Algebra,Inequalities,Inequalities,incorrect,0,Inequality symbol confusion,Inequality symbol confusion
S061,Q01,Solve for x: 2x + 4 = 10,x = 5,x = 3,Mathematics,Algebra,Linear Equations,Linear Equations,incorrect,0,Arithmetic error,Arithmetic error
S061,Q02,Solve for x: 3x - 6 = 9,x = 5,x = 5,Mathematics,Algebra,Linear Equations,Linear Equations,correct,1,,
S061,Q03,Solve for x: x/2 + 3 = 7,x = 8,x = 8,Mathematics,Algebra,Linear Equations,Linear Equations,correct,1,,
S061,Q04,Solve for x: 5x = 25,x = 5,x = 5,Mathematics,Algebra,Linear Equations,Linear Equations,correct,1,,
S061,Q05,Factor: x² + 5x + 6,(x+3)(x+3),(x+2)(x+3),Mathematics,Algebra,Factorization,Factorization,incorrect,0,Incorrect factor-pair selection,Incorrect factor-pair selection
S061,Q06,Factor: x² + 7x + 12,(x+1)(x+12),(x+3)(x+4),Mathematics,Algebra,Factorization,Factorization,incorrect,0,Incorrect factor-pair selection,Incorrect factor-pair selection
S061,Q07,Factor: x² - 9,(x-3)(x-3),(x+3)(x-3),Mathematics,Algebra,Factorization,Factorization,incorrect,0,Difference of squares confusion,Difference of squares confusion
S061,Q08,Factor: 2x² + 6x,x(2x+6),2x(x+3),Mathematics,Algebra,Factorization,Factorization,incorrect,0,Incomplete factoring,Incomplete factoring
S061,Q09,Solve: x² - 5x + 6 = 0,"x = 1, x = 6","x = 2, x = 3",Mathematics,Algebra,Quadratic Equations,Quadratic Equations,incorrect,0,Sign error in roots,Sign error in roots
S061,Q10,What is the discriminant of x² + 4x + 4 = 0?,16,0,Mathematics,Algebra,Quadratic Equations,Quadratic Equations,incorrect,0,Discriminant formula error,Discriminant formula error
S061,Q11,Solve: x² = 16,x = 4,"x = 4, x = -4",Mathematics,Algebra,Quadratic Equations,Quadratic Equations,incorrect,0,Missing negative root,Missing negative root
S061,Q12,Solve using quadratic formula: x² - 3x - 10 = 0,"x = 5, x = -2","x = 5, x = -2",Mathematics,Algebra,Quadratic Equations,Quadratic Equations,correct,1,,
S061,Q13,"If f(x) = 2x + 1, find f(3)",7,7,Mathematics,Functions,Functions,Functions,correct,1,,
S061,Q14,What is the domain of f(x) = 1/x?,All real numbers,All real numbers except 0,Mathematics,Functions,Functions,Functions,incorrect,0,Domain restriction oversight,Domain restriction oversight
S061,Q15,"If f(x) = x² and g(x) = x+1, find f(g(2))",6,9,Mathematics,Functions,Functions,Functions,incorrect,0,Composition order error,Composition order error
S061,Q16,Find the y-intercept of f(x) = 3x - 6,3,-6,Mathematics,Functions,Functions,Functions,incorrect,0,Intercept identification error,Intercept identification error
S061,Q17,Solve: 2x + 3 > 7,x > 5,x > 2,Mathematics,Algebra,Inequalities,Inequalities,incorrect,0,Arithmetic error,Arithmetic error
S061,Q18,Solve: -3x < 9,x > -3,x > -3,Mathematics,Algebra,Inequalities,Inequalities,correct,1,,
S061,Q19,Solve: |x| ≤ 5,-5 ≤ x ≤ 5,-5 ≤ x ≤ 5,Mathematics,Algebra,Inequalities,Inequalities,correct,1,,
S061,Q20,Graph the solution: x ≥ -2,"Open circle at -2, shade right","Closed circle at -2, shade right",Mathematics,Algebra,Inequalities,Inequalities,incorrect,0,Inequality symbol confusion,Inequality symbol confusion
S062,Q01,Solve for x: 2x + 4 = 10,x = 3,x = 3,Mathematics,Algebra,Linear Equations,Linear Equations,correct,1,,
S062,Q02,Solve for x: 3x - 6 = 9,x = 5,x = 5,Mathematics,Algebra,Linear Equations,Linear Equations,correct,1,,
S062,Q03,Solve for x: x/2 + 3 = 7,x = 8,x = 8,Mathematics,Algebra,Linear Equations,Linear Equations,correct,1,,
S062,Q04,Solve for x: 5x = 25,x = 5,x = 5,Mathematics,Algebra,Linear Equations,Linear Equations,correct,1,,
S062,Q05,Factor: x² + 5x + 6,(x+2)(x+3),(x+2)(x+3),Mathematics,Algebra,Factorization,Factorization,correct,1,,
S062,Q06,Factor: x² + 7x + 12,(x+1)(x+12),(x+3)(x+4),Mathematics,Algebra,Factorization,Factorization,incorrect,0,Incorrect factor-pair selection,Incorrect factor-pair selection
S062,Q07,Factor: x² - 9,(x-9)(x+1),(x+3)(x-3),Mathematics,Algebra,Factorization,Factorization,incorrect,0,Difference of squares confusion,Difference of squares confusion
S062,Q08,Factor: 2x² + 6x,x(2x+6),2x(x+3),Mathematics,Algebra,Factorization,Factorization,incorrect,0,Incomplete factoring,Incomplete factoring
S062,Q09,Solve: x² - 5x + 6 = 0,"x = 2, x = -3","x = 2, x = 3",Mathematics,Algebra,Quadratic Equations,Quadratic Equations,incorrect,0,Sign error in roots,Sign error in roots
S062,Q10,What is the discriminant of x² + 4x + 4 = 0?,0,0,Mathematics,Algebra,Quadratic Equations,Quadratic Equations,correct,1,,
S062,Q11,Solve: x² = 16,"x = 4, x = -4","x = 4, x = -4",Mathematics,Algebra,Quadratic Equations,Quadratic Equations,correct,1,,
S062,Q12,Solve using quadratic formula: x² - 3x - 10 = 0,"x = 5, x = -2","x = 5, x = -2",Mathematics,Algebra,Quadratic Equations,Quadratic Equations,correct,1,,
S062,Q13,"If f(x) = 2x + 1, find f(3)",7,7,Mathematics,Functions,Functions,Functions,correct,1,,
S062,Q14,What is the domain of f(x) = 1/x?,All real numbers except 0,All real numbers except 0,Mathematics,Functions,Functions,Functions,correct,1,,
S062,Q15,"If f(x) = x² and g(x) = x+1, find f(g(2))",9,9,Mathematics,Functions,Functions,Functions,correct,1,,
S062,Q16,Find the y-intercept of f(x) = 3x - 6,-6,-6,Mathematics,Functions,Functions,Functions,correct,1,,
S062,Q17,Solve: 2x + 3 > 7,x > 2,x > 2,Mathematics,Algebra,Inequalities,Inequalities,correct,1,,
S062,Q18,Solve: -3x < 9,x > -3,x > -3,Mathematics,Algebra,Inequalities,Inequalities,correct,1,,
S062,Q19,Solve: |x| ≤ 5,-5 ≤ x ≤ 5,-5 ≤ x ≤ 5,Mathematics,Algebra,Inequalities,Inequalities,correct,1,,
S062,Q20,Graph the solution: x ≥ -2,"Closed circle at -2, shade right","Closed circle at -2, shade right",Mathematics,Algebra,Inequalities,Inequalities,correct,1,,
S063,Q01,Solve for x: 2x + 4 = 10,x = 7,x = 3,Mathematics,Algebra,Linear Equations,Linear Equations,incorrect,0,Arithmetic error,Arithmetic error
S063,Q02,Solve for x: 3x - 6 = 9,x = 1,x = 5,Mathematics,Algebra,Linear Equations,Linear Equations,incorrect,0,Sign error,Sign error
S063,Q03,Solve for x: x/2 + 3 = 7,x = 4,x = 8,Mathematics,Algebra,Linear Equations,Linear Equations,incorrect,0,Order of operations,Order of operations
S063,Q04,Solve for x: 5x = 25,x = 5,x = 5,Mathematics,Algebra,Linear Equations,Linear Equations,correct,1,,
S063,Q05,Factor: x² + 5x + 6,(x+2)(x+3),(x+2)(x+3),Mathematics,Algebra,Factorization,Factorization,correct,1,,
S063,Q06,Factor: x² + 7x + 12,(x+3)(x+4),(x+3)(x+4),Mathematics,Algebra,Factorization,Factorization,correct,1,,
S063,Q07,Factor: x² - 9,(x+3)(x-3),(x+3)(x-3),Mathematics,Algebra,Factorization,Factorization,correct,1,,
S063,Q08,Factor: 2x² + 6x,x(2x+6),2x(x+3),Mathematics,Algebra,Factorization,Factorization,incorrect,0,Incomplete factoring,Incomplete factoring
S063,Q09,Solve: x² - 5x + 6 = 0,"x = 2, x = 3","x = 2, x = 3",Mathematics,Algebra,Quadratic Equations,Quadratic Equations,correct,1,,
S063,Q10,What is the discriminant of x² + 4x + 4 = 0?,16,0,Mathematics,Algebra,Quadratic Equations,Quadratic Equations,incorrect,0,Discriminant formula error,Discriminant formula error
S063,Q11,Solve: x² = 16,"x = 4, x = -4","x = 4, x = -4",Mathematics,Algebra,Quadratic Equations,Quadratic Equations,correct,1,,
S063,Q12,Solve using quadratic formula: x² - 3x - 10 = 0,"x = 10, x = -1","x = 5, x = -2",Mathematics,Algebra,Quadratic Equations,Quadratic Equations,incorrect,0,Formula application error,Formula application error
S063,Q13,"If f(x) = 2x + 1, find f(3)",6,7,Mathematics,Functions,Functions,Functions,incorrect,0,Substitution error,Substitution error
S063,Q14,What is the domain of f(x) = 1/x?,x > 0,All real numbers except 0,Mathematics,Functions,Functions,Functions,incorrect,0,Domain restriction oversight,Domain restriction oversight
S063,Q15,"If f(x) = x² and g(x) = x+1, find f(g(2))",9,9,Mathematics,Functions,Functions,Functions,correct,1,,
S063,Q16,Find the y-intercept of f(x) = 3x - 6,6,-6,Mathematics,Functions,Functions,Functions,incorrect,0,Intercept identification error,Intercept identification error
S063,Q17,Solve: 2x + 3 > 7,x > 2,x > 2,Mathematics,Algebra,Inequalities,Inequalities,correct,1,,
S063,Q18,Solve: -3x < 9,x > -3,x > -3,Mathematics,Algebra,Inequalities,Inequalities,correct,1,,
S063,Q19,Solve: |x| ≤ 5,x ≤ 5,-5 ≤ x ≤ 5,Mathematics,Algebra,Inequalities,Inequalities,incorrect,0,Absolute value misunderstanding,Absolute value misunderstanding
S063,Q20,Graph the solution: x ≥ -2,"Closed circle at -2, shade right","Closed circle at -2, shade right",Mathematics,Algebra,Inequalities,Inequalities,correct,1,,
S064,Q01,Solve for x: 2x + 4 = 10,x = 7,x = 3,Mathematics,Algebra,Linear Equations,Linear Equations,incorrect,0,Arithmetic error,Arithmetic error
S064,Q02,Solve for x: 3x - 6 = 9,x = 5,x = 5,Mathematics,Algebra,Linear Equations,Linear Equations,correct,1,,
S064,Q03,Solve for x: x/2 + 3 = 7,x = 14,x = 8,Mathematics,Algebra,Linear Equations,Linear Equations,incorrect,0,Order of operations,Order of operations
S064,Q04,Solve for x: 5x = 25,x = 20,x = 5,Mathematics,Algebra,Linear Equations,Linear Equations,incorrect,0,Division error,Division error
S064,Q05,Factor: x² + 5x + 6,(x+1)(x+6),(x+2)(x+3),Mathematics,Algebra,Factorization,Factorization,incorrect,0,Incorrect factor-pair selection,Incorrect factor-pair selection
S064,Q06,Factor: x² + 7x + 12,(x+1)(x+12),(x+3)(x+4),Mathematics,Algebra,Factorization,Factorization,incorrect,0,Incorrect factor-pair selection,Incorrect factor-pair selection
S064,Q07,Factor: x² - 9,(x-3)(x-3),(x+3)(x-3),Mathematics,Algebra,Factorization,Factorization,incorrect,0,Difference of squares confusion,Difference of squares confusion
S064,Q08,Factor: 2x² + 6x,2x(x+3),2x(x+3),Mathematics,Algebra,Factorization,Factorization,correct,1,,
S064,Q09,Solve: x² - 5x + 6 = 0,"x = 2, x = 3","x = 2, x = 3",Mathematics,Algebra,Quadratic Equations,Quadratic Equations,correct,1,,
S064,Q10,What is the discriminant of x² + 4x + 4 = 0?,-16,0,Mathematics,Algebra,Quadratic Equations,Quadratic Equations,incorrect,0,Discriminant formula error,Discriminant formula error
S064,Q11,Solve: x² = 16,"x = 4, x = -4","x = 4, x = -4",Mathematics,Algebra,Quadratic Equations,Quadratic Equations,correct,1,,
S064,Q12,Solve using quadratic formula: x² - 3x - 10 = 0,"x = 5, x = -2","x = 5, x = -2",Mathematics,Algebra,Quadratic Equations,Quadratic Equations,correct,1,,
S064,Q13,"If f(x) = 2x + 1, find f(3)",9,7,Mathematics,Functions,Functions,Functions,incorrect,0,Substitution error,Substitution error
S064,Q14,What is the domain of f(x) = 1/x?,All real numbers except 0,All real numbers except 0,Mathematics,Functions,Functions,Functions,correct,1,,
S064,Q15,"If f(x) = x² and g(x) = x+1, find f(g(2))",9,9,Mathematics,Functions,Functions,Functions,correct,1,,
S064,Q16,Find the y-intercept of f(x) = 3x - 6,-6,-6,Mathematics,Functions,Functions,Functions,correct,1,,
S064,Q17,Solve: 2x + 3 > 7,x > 2,x > 2,Mathematics,Algebra,Inequalities,Inequalities,correct,1,,
S064,Q18,Solve: -3x < 9,x < 3,x > -3,Mathematics,Algebra,Inequalities,Inequalities,incorrect,0,Sign flip with negative division,Sign flip with negative division
S064,Q19,Solve: |x| ≤ 5,x = 5,-5 ≤ x ≤ 5,Mathematics,Algebra,Inequalities,Inequalities,incorrect,0,Absolute value misunderstanding,Absolute value misunderstanding
S064,Q20,Graph the solution: x ≥ -2,"Closed circle at -2, shade right","Closed circle at -2, shade right",Mathematics,Algebra,Inequalities,Inequalities,correct,1,,
S065,Q01,Solve for x: 2x + 4 = 10,x = 3,x = 3,Mathematics,Algebra,Linear Equations,Linear Equations,correct,1,,
S065,Q02,Solve for x: 3x - 6 = 9,x = 5,x = 5,Mathematics,Algebra,Linear Equations,Linear Equations,correct,1,,
S065,Q03,Solve for x: x/2 + 3 = 7,x = 4,x = 8,Mathematics,Algebra,Linear Equations,Linear Equations,incorrect,0,Order of operations,Order of operations
S065,Q04,Solve for x: 5x = 25,x = 5,x = 5,Mathematics,Algebra,Linear Equations,Linear Equations,correct,1,,
S065,Q05,Factor: x² + 5x + 6,(x+2)(x+3),(x+2)(x+3),Mathematics,Algebra,Factorization,Factorization,correct,1,,
S065,Q06,Factor: x² + 7x + 12,(x+3)(x+4),(x+3)(x+4),Mathematics,Algebra,Factorization,Factorization,correct,1,,
S065,Q07,Factor: x² - 9,(x-9)(x+1),(x+3)(x-3),Mathematics,Algebra,Factorization,Factorization,incorrect,0,Difference of squares confusion,Difference of squares confusion
S065,Q08,Factor: 2x² + 6x,x(2x+6),2x(x+3),Mathematics,Algebra,Factorization,Factorization,incorrect,0,Incomplete factoring,Incomplete factoring
S065,Q09,Solve: x² - 5x + 6 = 0,"x = 2, x = 3","x = 2, x = 3",Mathematics,Algebra,Quadratic Equations,Quadratic Equations,correct,1,,
S065,Q10,What is the discriminant of x² + 4x + 4 = 0?,16,0,Mathematics,Algebra,Quadratic Equations,Quadratic Equations,incorrect,0,Discriminant formula error,Discriminant formula error
S065,Q11,Solve: x² = 16,x = 256,"x = 4, x = -4",Mathematics,Algebra,Quadratic Equations,Quadratic Equations,incorrect,0,Missing negative root,Missing negative root
S065,Q12,Solve using quadratic formula: x² - 3x - 10 = 0,"x = 5, x = 2","x = 5, x = -2",Mathematics,Algebra,Quadratic Equations,Quadratic Equations,incorrect,0,Formula application error,Formula application error
S065,Q13,"If f(x) = 2x + 1, find f(3)",5,7,Mathematics,Functions,Functions,Functions,incorrect,0,Substitution error,Substitution error
S065,Q14,What is the domain of f(x) = 1/x?,All real numbers except 0,All real numbers except 0,Mathematics,Functions,Functions,Functions,correct,1,,
S065,Q15,"If f(x) = x² and g(x) = x+1, find f(g(2))",9,9,Mathematics,Functions,Functions,Functions,correct,1,,
S065,Q16,Find the y-intercept of f(x) = 3x - 6,3,-6,Mathematics,Functions,Functions,Functions,incorrect,0,Intercept identification error,Intercept identification error
S065,Q17,Solve: 2x + 3 > 7,x > 5,x > 2,Mathematics,Algebra,Inequalities,Inequalities,incorrect,0,Arithmetic error,Arithmetic error
S065,Q18,Solve: -3x < 9,x < -3,x > -3,Mathematics,Algebra,Inequalities,Inequalities,incorrect,0,Sign flip with negative division,Sign flip with negative division
S065,Q19,Solve: |x| ≤ 5,-5 ≤ x ≤ 5,-5 ≤ x ≤ 5,Mathematics,Algebra,Inequalities,Inequalities,correct,1,,
S065,Q20,Graph the solution: x ≥ -2,"Closed circle at -2, shade left","Closed circle at -2, shade right",Mathematics,Algebra,Inequalities,Inequalities,incorrect,0,Inequality symbol confusion,Inequality symbol confusion
S066,Q01,Solve for x: 2x + 4 = 10,x = 5,x = 3,Mathematics,Algebra,Linear Equations,Linear Equations,incorrect,0,Arithmetic error,Arithmetic error
S066,Q02,Solve for x: 3x - 6 = 9,x = 5,x = 5,Mathematics,Algebra,Linear Equations,Linear Equations,correct,1,,
S066,Q03,Solve for x: x/2 + 3 = 7,x = 14,x = 8,Mathematics,Algebra,Linear Equations,Linear Equations,incorrect,0,Order of operations,Order of operations
S066,Q04,Solve for x: 5x = 25,x = 5,x = 5,Mathematics,Algebra,Linear Equations,Linear Equations,correct,1,,
S066,Q05,Factor: x² + 5x + 6,(x+2)(x+3),(x+2)(x+3),Mathematics,Algebra,Factorization,Factorization,correct,1,,
S066,Q06,Factor: x² + 7x + 12,(x+3)(x+4),(x+3)(x+4),Mathematics,Algebra,Factorization,Factorization,correct,1,,
S066,Q07,Factor: x² - 9,(x-3)(x-3),(x+3)(x-3),Mathematics,Algebra,Factorization,Factorization,incorrect,0,Difference of squares confusion,Difference of squares confusion
S066,Q08,Factor: 2x² + 6x,2x(x+3),2x(x+3),Mathematics,Algebra,Factorization,Factorization,correct,1,,
S066,Q09,Solve: x² - 5x + 6 = 0,"x = 2, x = 3","x = 2, x = 3",Mathematics,Algebra,Quadratic Equations,Quadratic Equations,correct,1,,
S066,Q10,What is the discriminant of x² + 4x + 4 = 0?,8,0,Mathematics,Algebra,Quadratic Equations,Quadratic Equations,incorrect,0,Discriminant formula error,Discriminant formula error
S066,Q11,Solve: x² = 16,x = 256,"x = 4, x = -4",Mathematics,Algebra,Quadratic Equations,Quadratic Equations,incorrect,0,Missing negative root,Missing negative root
S066,Q12,Solve using quadratic formula: x² - 3x - 10 = 0,"x = 5, x = -2","x = 5, x = -2",Mathematics,Algebra,Quadratic Equations,Quadratic Equations,correct,1,,
S066,Q13,"If f(x) = 2x + 1, find f(3)",7,7,Mathematics,Functions,Functions,Functions,correct,1,,
S066,Q14,What is the domain of f(x) = 1/x?,All real numbers,All real numbers except 0,Mathematics,Functions,Functions,Functions,incorrect,0,Domain restriction oversight,Domain restriction oversight
S066,Q15,"If f(x) = x² and g(x) = x+1, find f(g(2))",9,9,Mathematics,Functions,Functions,Functions,correct,1,,
S066,Q16,Find the y-intercept of f(x) = 3x - 6,2,-6,Mathematics,Functions,Functions,Functions,incorrect,0,Intercept identification error,Intercept identification error
S066,Q17,Solve: 2x + 3 > 7,x > 2,x > 2,Mathematics,Algebra,Inequalities,Inequalities,correct,1,,
S066,Q18,Solve: -3x < 9,x > -3,x > -3,Mathematics,Algebra,Inequalities,Inequalities,correct,1,,
S066,Q19,Solve: |x| ≤ 5,x ≤ 5,-5 ≤ x ≤ 5,Mathematics,Algebra,Inequalities,Inequalities,incorrect,0,Absolute value misunderstanding,Absolute value misunderstanding
S066,Q20,Graph the solution: x ≥ -2,"Open circle at 2, shade right","Closed circle at -2, shade right",Mathematics,Algebra,Inequalities,Inequalities,incorrect,0,Inequality symbol confusion,Inequality symbol confusion
S067,Q01,Solve for x: 2x + 4 = 10,x = 2,x = 3,Mathematics,Algebra,Linear Equations,Linear Equations,incorrect,0,Arithmetic error,Arithmetic error
S067,Q02,Solve for x: 3x - 6 = 9,x = 5,x = 5,Mathematics,Algebra,Linear Equations,Linear Equations,correct,1,,
S067,Q03,Solve for x: x/2 + 3 = 7,x = 4,x = 8,Mathematics,Algebra,Linear Equations,Linear Equations,incorrect,0,Order of operations,Order of operations
S067,Q04,Solve for x: 5x = 25,x = 5,x = 5,Mathematics,Algebra,Linear Equations,Linear Equations,correct,1,,
S067,Q05,Factor: x² + 5x + 6,(x+1)(x+6),(x+2)(x+3),Mathematics,Algebra,Factorization,Factorization,incorrect,0,Incorrect factor-pair selection,Incorrect factor-pair selection
S067,Q06,Factor: x² + 7x + 12,(x+1)(x+12),(x+3)(x+4),Mathematics,Algebra,Factorization,Factorization,incorrect,0,Incorrect factor-pair selection,Incorrect factor-pair selection
S067,Q07,Factor: x² - 9,(x-3)(x-3),(x+3)(x-3),Mathematics,Algebra,Factorization,Factorization,incorrect,0,Difference of squares confusion,Difference of squares confusion
S067,Q08,Factor: 2x² + 6x,2x(x+3),2x(x+3),Mathematics,Algebra,Factorization,Factorization,correct,1,,
S067,Q09,Solve: x² - 5x + 6 = 0,"x = 2, x = -3","x = 2, x = 3",Mathematics,Algebra,Quadratic Equations,Quadratic Equations,incorrect,0,Sign error in roots,Sign error in roots
S067,Q10,What is the discriminant of x² + 4x + 4 = 0?,8,0,Mathematics,Algebra,Quadratic Equations,Quadratic Equations,incorrect,0,Discriminant formula error,Discriminant formula error
S067,Q11,Solve: x² = 16,"x = 4, x = -4","x = 4, x = -4",Mathematics,Algebra,Quadratic Equations,Quadratic Equations,correct,1,,
S067,Q12,Solve using quadratic formula: x² - 3x - 10 = 0,"x = 5, x = -2","x = 5, x = -2",Mathematics,Algebra,Quadratic Equations,Quadratic Equations,correct,1,,
S067,Q13,"If f(x) = 2x + 1, find f(3)",7,7,Mathematics,Functions,Functions,Functions,correct,1,,
S067,Q14,What is the domain of f(x) = 1/x?,All real numbers except 0,All real numbers except 0,Mathematics,Functions,Functions,Functions,correct,1,,
S067,Q15,"If f(x) = x² and g(x) = x+1, find f(g(2))",5,9,Mathematics,Functions,Functions,Functions,incorrect,0,Composition order error,Composition order error
S067,Q16,Find the y-intercept of f(x) = 3x - 6,3,-6,Mathematics,Functions,Functions,Functions,incorrect,0,Intercept identification error,Intercept identification error
S067,Q17,Solve: 2x + 3 > 7,x > 2,x > 2,Mathematics,Algebra,Inequalities,Inequalities,correct,1,,
S067,Q18,Solve: -3x < 9,x > -3,x > -3,Mathematics,Algebra,Inequalities,Inequalities,correct,1,,
S067,Q19,Solve: |x| ≤ 5,-5 ≤ x ≤ 5,-5 ≤ x ≤ 5,Mathematics,Algebra,Inequalities,Inequalities,correct,1,,
S067,Q20,Graph the solution: x ≥ -2,"Closed circle at -2, shade right","Closed circle at -2, shade right",Mathematics,Algebra,Inequalities,Inequalities,correct,1,,
S068,Q01,Solve for x: 2x + 4 = 10,x = 3,x = 3,Mathematics,Algebra,Linear Equations,Linear Equations,correct,1,,
S068,Q02,Solve for x: 3x - 6 = 9,x = 5,x = 5,Mathematics,Algebra,Linear Equations,Linear Equations,correct,1,,
S068,Q03,Solve for x: x/2 + 3 = 7,x = 8,x = 8,Mathematics,Algebra,Linear Equations,Linear Equations,correct,1,,
S068,Q04,Solve for x: 5x = 25,x = 125,x = 5,Mathematics,Algebra,Linear Equations,Linear Equations,incorrect,0,Division error,Division error
S068,Q05,Factor: x² + 5x + 6,(x+1)(x+6),(x+2)(x+3),Mathematics,Algebra,Factorization,Factorization,incorrect,0,Incorrect factor-pair selection,Incorrect factor-pair selection
S068,Q06,Factor: x² + 7x + 12,(x+2)(x+6),(x+3)(x+4),Mathematics,Algebra,Factorization,Factorization,incorrect,0,Incorrect factor-pair selection,Incorrect factor-pair selection
S068,Q07,Factor: x² - 9,(x-3)(x-3),(x+3)(x-3),Mathematics,Algebra,Factorization,Factorization,incorrect,0,Difference of squares confusion,Difference of squares confusion
S068,Q08,Factor: 2x² + 6x,x(2x+6),2x(x+3),Mathematics,Algebra,Factorization,Factorization,incorrect,0,Incomplete factoring,Incomplete factoring
S068,Q09,Solve: x² - 5x + 6 = 0,"x = 2, x = 3","x = 2, x = 3",Mathematics,Algebra,Quadratic Equations,Quadratic Equations,correct,1,,
S068,Q10,What is the discriminant of x² + 4x + 4 = 0?,8,0,Mathematics,Algebra,Quadratic Equations,Quadratic Equations,incorrect,0,Discriminant formula error,Discriminant formula error
S068,Q11,Solve: x² = 16,x = 256,"x = 4, x = -4",Mathematics,Algebra,Quadratic Equations,Quadratic Equations,incorrect,0,Missing negative root,Missing negative root
S068,Q12,Solve using quadratic formula: x² - 3x - 10 = 0,"x = -5, x = 2","x = 5, x = -2",Mathematics,Algebra,Quadratic Equations,Quadratic Equations,incorrect,0,Formula application error,Formula application error
S068,Q13,"If f(x) = 2x + 1, find f(3)",5,7,Mathematics,Functions,Functions,Functions,incorrect,0,Substitution error,Substitution error
S068,Q14,What is the domain of f(x) = 1/x?,All real numbers except 0,All real numbers except 0,Mathematics,Functions,Functions,Functions,correct,1,,
S068,Q15,"If f(x) = x² and g(x) = x+1, find f(g(2))",5,9,Mathematics,Functions,Functions,Functions,incorrect,0,Composition order error,Composition order error
S068,Q16,Find the y-intercept of f(x) = 3x - 6,6,-6,Mathematics,Functions,Functions,Functions,incorrect,0,Intercept identification error,Intercept identification error
S068,Q17,Solve: 2x + 3 > 7,x > 5,x > 2,Mathematics,Algebra,Inequalities,Inequalities,incorrect,0,Arithmetic error,Arithmetic error
S068,Q18,Solve: -3x < 9,x > -3,x > -3,Mathematics,Algebra,Inequalities,Inequalities,correct,1,,
S068,Q19,Solve: |x| ≤ 5,x ≤ 5,-5 ≤ x ≤ 5,Mathematics,Algebra,Inequalities,Inequalities,incorrect,0,Absolute value misunderstanding,Absolute value misunderstanding
S068,Q20,Graph the solution: x ≥ -2,"Open circle at -2, shade right","Closed circle at -2, shade right",Mathematics,Algebra,Inequalities,Inequalities,incorrect,0,Inequality symbol confusion,Inequality symbol confusion
S069,Q01,Solve for x: 2x + 4 = 10,x = 5,x = 3,Mathematics,Algebra,Linear Equations,Linear Equations,incorrect,0,Arithmetic error,Arithmetic error
S069,Q02,Solve for x: 3x - 6 = 9,x = 1,x = 5,Mathematics,Algebra,Linear Equations,Linear Equations,incorrect,0,Sign error,Sign error
S069,Q03,Solve for x: x/2 + 3 = 7,x = 4,x = 8,Mathematics,Algebra,Linear Equations,Linear Equations,incorrect,0,Order of operations,Order of operations
S069,Q04,Solve for x: 5x = 25,x = 20,x = 5,Mathematics,Algebra,Linear Equations,Linear Equations,incorrect,0,Division error,Division error
S069,Q05,Factor: x² + 5x + 6,(x+2)(x+3),(x+2)(x+3),Mathematics,Algebra,Factorization,Factorization,correct,1,,
S069,Q06,Factor: x² + 7x + 12,(x+2)(x+6),(x+3)(x+4),Mathematics,Algebra,Factorization,Factorization,incorrect,0,Incorrect factor-pair selection,Incorrect factor-pair selection
S069,Q07,Factor: x² - 9,(x+9)(x-1),(x+3)(x-3),Mathematics,Algebra,Factorization,Factorization,incorrect,0,Difference of squares confusion,Difference of squares confusion
S069,Q08,Factor: 2x² + 6x,2x(x+6),2x(x+3),Mathematics,Algebra,Factorization,Factorization,incorrect,0,Incomplete factoring,Incomplete factoring
S069,Q09,Solve: x² - 5x + 6 = 0,"x = 2, x = 3","x = 2, x = 3",Mathematics,Algebra,Quadratic Equations,Quadratic Equations,correct,1,,
S069,Q10,What is the discriminant of x² + 4x + 4 = 0?,-16,0,Mathematics,Algebra,Quadratic Equations,Quadratic Equations,incorrect,0,Discriminant formula error,Discriminant formula error
S069,Q11,Solve: x² = 16,x = 256,"x = 4, x = -4",Mathematics,Algebra,Quadratic Equations,Quadratic Equations,incorrect,0,Missing negative root,Missing negative root
S069,Q12,Solve using quadratic formula: x² - 3x - 10 = 0,"x = 10, x = -1","x = 5, x = -2",Mathematics,Algebra,Quadratic Equations,Quadratic Equations,incorrect,0,Formula application error,Formula application error
S069,Q13,"If f(x) = 2x + 1, find f(3)",5,7,Mathematics,Functions,Functions,Functions,incorrect,0,Substitution error,Substitution error
S069,Q14,What is the domain of f(x) = 1/x?,x ≥ 0,All real numbers except 0,Mathematics,Functions,Functions,Functions,incorrect,0,Domain restriction oversight,Domain restriction oversight
S069,Q15,"If f(x) = x² and g(x) = x+1, find f(g(2))",5,9,Mathematics,Functions,Functions,Functions,incorrect,0,Composition order error,Composition order error
S069,Q16,Find the y-intercept of f(x) = 3x - 6,6,-6,Mathematics,Functions,Functions,Functions,incorrect,0,Intercept identification error,Intercept identification error
S069,Q17,Solve: 2x + 3 > 7,x > 5,x > 2,Mathematics,Algebra,Inequalities,Inequalities,incorrect,0,Arithmetic error,Arithmetic error
S069,Q18,Solve: -3x < 9,x < -3,x > -3,Mathematics,Algebra,Inequalities,Inequalities,incorrect,0,Sign flip with negative division,Sign flip with negative division
S069,Q19,Solve: |x| ≤ 5,x ≥ -5,-5 ≤ x ≤ 5,Mathematics,Algebra,Inequalities,Inequalities,incorrect,0,Absolute value misunderstanding,Absolute value misunderstanding
S069,Q20,Graph the solution: x ≥ -2,"Open circle at -2, shade right","Closed circle at -2, shade right",Mathematics,Algebra,Inequalities,Inequalities,incorrect,0,Inequality symbol confusion,Inequality symbol confusion
S070,Q01,Solve for x: 2x + 4 = 10,x = 7,x = 3,Mathematics,Algebra,Linear Equations,Linear Equations,incorrect,0,Arithmetic error,Arithmetic error
S070,Q02,Solve for x: 3x - 6 = 9,x = 1,x = 5,Mathematics,Algebra,Linear Equations,Linear Equations,incorrect,0,Sign error,Sign error
S070,Q03,Solve for x: x/2 + 3 = 7,x = 4,x = 8,Mathematics,Algebra,Linear Equations,Linear Equations,incorrect,0,Order of operations,Order of operations
S070,Q04,Solve for x: 5x = 25,x = 5,x = 5,Mathematics,Algebra,Linear Equations,Linear Equations,correct,1,,
S070,Q05,Factor: x² + 5x + 6,(x+2)(x+2),(x+2)(x+3),Mathematics,Algebra,Factorization,Factorization,incorrect,0,Incorrect factor-pair selection,Incorrect factor-pair selection
S070,Q06,Factor: x² + 7x + 12,(x+2)(x+6),(x+3)(x+4),Mathematics,Algebra,Factorization,Factorization,incorrect,0,Incorrect factor-pair selection,Incorrect factor-pair selection
S070,Q07,Factor: x² - 9,(x-3)(x-3),(x+3)(x-3),Mathematics,Algebra,Factorization,Factorization,incorrect,0,Difference of squares confusion,Difference of squares confusion
S070,Q08,Factor: 2x² + 6x,2(x²+3x),2x(x+3),Mathematics,Algebra,Factorization,Factorization,incorrect,0,Incomplete factoring,Incomplete factoring
S070,Q09,Solve: x² - 5x + 6 = 0,"x = 1, x = 6","x = 2, x = 3",Mathematics,Algebra,Quadratic Equations,Quadratic Equations,incorrect,0,Sign error in roots,Sign error in roots
S070,Q10,What is the discriminant of x² + 4x + 4 = 0?,0,0,Mathematics,Algebra,Quadratic Equations,Quadratic Equations,correct,1,,
S070,Q11,Solve: x² = 16,"x = 4, x = -4","x = 4, x = -4",Mathematics,Algebra,Quadratic Equations,Quadratic Equations,correct,1,,
S070,Q12,Solve using quadratic formula: x² - 3x - 10 = 0,"x = 5, x = -2","x = 5, x = -2",Mathematics,Algebra,Quadratic Equations,Quadratic Equations,correct,1,,
S070,Q13,"If f(x) = 2x + 1, find f(3)",6,7,Mathematics,Functions,Functions,Functions,incorrect,0,Substitution error,Substitution error
S070,Q14,What is the domain of f(x) = 1/x?,All real numbers,All real numbers except 0,Mathematics,Functions,Functions,Functions,incorrect,0,Domain restriction oversight,Domain restriction oversight
S070,Q15,"If f(x) = x² and g(x) = x+1, find f(g(2))",9,9,Mathematics,Functions,Functions,Functions,correct,1,,
S070,Q16,Find the y-intercept of f(x) = 3x - 6,3,-6,Mathematics,Functions,Functions,Functions,incorrect,0,Intercept identification error,Intercept identification error
S070,Q17,Solve: 2x + 3 > 7,x > 2,x > 2,Mathematics,Algebra,Inequalities,Inequalities,correct,1,,
S070,Q18,Solve: -3x < 9,x < 3,x > -3,Mathematics,Algebra,Inequalities,Inequalities,incorrect,0,Sign flip with negative division,Sign flip with negative division
S070,Q19,Solve: |x| ≤ 5,-5 ≤ x ≤ 5,-5 ≤ x ≤ 5,Mathematics,Algebra,Inequalities,Inequalities,correct,1,,
S070,Q20,Graph the solution: x ≥ -2,"Closed circle at -2, shade left","Closed circle at -2, shade right",Mathematics,Algebra,Inequalities,Inequalities,incorrect,0,Inequality symbol confusion,Inequality symbol confusion
S071,Q01,Solve for x: 2x + 4 = 10,x = 7,x = 3,Mathematics,Algebra,Linear Equations,Linear Equations,incorrect,0,Arithmetic error,Arithmetic error
S071,Q02,Solve for x: 3x - 6 = 9,x = 5,x = 5,Mathematics,Algebra,Linear Equations,Linear Equations,correct,1,,
S071,Q03,Solve for x: x/2 + 3 = 7,x = 4,x = 8,Mathematics,Algebra,Linear Equations,Linear Equations,incorrect,0,Order of operations,Order of operations
S071,Q04,Solve for x: 5x = 25,x = 30,x = 5,Mathematics,Algebra,Linear Equations,Linear Equations,incorrect,0,Division error,Division error
S071,Q05,Factor: x² + 5x + 6,(x+3)(x+3),(x+2)(x+3),Mathematics,Algebra,Factorization,Factorization,incorrect,0,Incorrect factor-pair selection,Incorrect factor-pair selection
S071,Q06,Factor: x² + 7x + 12,(x+1)(x+12),(x+3)(x+4),Mathematics,Algebra,Factorization,Factorization,incorrect,0,Incorrect factor-pair selection,Incorrect factor-pair selection
S071,Q07,Factor: x² - 9,(x-9)(x+1),(x+3)(x-3),Mathematics,Algebra,Factorization,Factorization,incorrect,0,Difference of squares confusion,Difference of squares confusion
S071,Q08,Factor: 2x² + 6x,2(x²+3x),2x(x+3),Mathematics,Algebra,Factorization,Factorization,incorrect,0,Incomplete factoring,Incomplete factoring
S071,Q09,Solve: x² - 5x + 6 = 0,"x = 2, x = 3","x = 2, x = 3",Mathematics,Algebra,Quadratic Equations,Quadratic Equations,correct,1,,
S071,Q10,What is the discriminant of x² + 4x + 4 = 0?,16,0,Mathematics,Algebra,Quadratic Equations,Quadratic Equations,incorrect,0,Discriminant formula error,Discriminant formula error
S071,Q11,Solve: x² = 16,"x = 4, x = -4","x = 4, x = -4",Mathematics,Algebra,Quadratic Equations,Quadratic Equations,correct,1,,
S071,Q12,Solve using quadratic formula: x² - 3x - 10 = 0,"x = 5, x = -2","x = 5, x = -2",Mathematics,Algebra,Quadratic Equations,Quadratic Equations,correct,1,,
S071,Q13,"If f(x) = 2x + 1, find f(3)",6,7,Mathematics,Functions,Functions,Functions,incorrect,0,Substitution error,Substitution error
S071,Q14,What is the domain of f(x) = 1/x?,All real numbers,All real numbers except 0,Mathematics,Functions,Functions,Functions,incorrect,0,Domain restriction oversight,Domain restriction oversight
S071,Q15,"If f(x) = x² and g(x) = x+1, find f(g(2))",5,9,Mathematics,Functions,Functions,Functions,incorrect,0,Composition order error,Composition order error
S071,Q16,Find the y-intercept of f(x) = 3x - 6,6,-6,Mathematics,Functions,Functions,Functions,incorrect,0,Intercept identification error,Intercept identification error
S071,Q17,Solve: 2x + 3 > 7,x > 2,x > 2,Mathematics,Algebra,Inequalities,Inequalities,correct,1,,
S071,Q18,Solve: -3x < 9,x > 3,x > -3,Mathematics,Algebra,Inequalities,Inequalities,incorrect,0,Sign flip with negative division,Sign flip with negative division
S071,Q19,Solve: |x| ≤ 5,x = 5,-5 ≤ x ≤ 5,Mathematics,Algebra,Inequalities,Inequalities,incorrect,0,Absolute value misunderstanding,Absolute value misunderstanding
S071,Q20,Graph the solution: x ≥ -2,"Open circle at -2, shade right","Closed circle at -2, shade right",Mathematics,Algebra,Inequalities,Inequalities,incorrect,0,Inequality symbol confusion,Inequality symbol confusion
S072,Q01,Solve for x: 2x + 4 = 10,x = 2,x = 3,Mathematics,Algebra,Linear Equations,Linear Equations,incorrect,0,Arithmetic error,Arithmetic error
S072,Q02,Solve for x: 3x - 6 = 9,x = 5,x = 5,Mathematics,Algebra,Linear Equations,Linear Equations,correct,1,,
S072,Q03,Solve for x: x/2 + 3 = 7,x = 8,x = 8,Mathematics,Algebra,Linear Equations,Linear Equations,correct,1,,
S072,Q04,Solve for x: 5x = 25,x = 5,x = 5,Mathematics,Algebra,Linear Equations,Linear Equations,correct,1,,
S072,Q05,Factor: x² + 5x + 6,(x+2)(x+3),(x+2)(x+3),Mathematics,Algebra,Factorization,Factorization,correct,1,,
S072,Q06,Factor: x² + 7x + 12,(x+3)(x+4),(x+3)(x+4),Mathematics,Algebra,Factorization,Factorization,correct,1,,
S072,Q07,Factor: x² - 9,(x+9)(x-1),(x+3)(x-3),Mathematics,Algebra,Factorization,Factorization,incorrect,0,Difference of squares confusion,Difference of squares confusion
S072,Q08,Factor: 2x² + 6x,2(x²+3x),2x(x+3),Mathematics,Algebra,Factorization,Factorization,incorrect,0,Incomplete factoring,Incomplete factoring
S072,Q09,Solve: x² - 5x + 6 = 0,"x = 1, x = 6","x = 2, x = 3",Mathematics,Algebra,Quadratic Equations,Quadratic Equations,incorrect,0,Sign error in roots,Sign error in roots
S072,Q10,What is the discriminant of x² + 4x + 4 = 0?,0,0,Mathematics,Algebra,Quadratic Equations,Quadratic Equations,correct,1,,
S072,Q11,Solve: x² = 16,x = 4,"x = 4, x = -4",Mathematics,Algebra,Quadratic Equations,Quadratic Equations,incorrect,0,Missing negative root,Missing negative root
S072,Q12,Solve using quadratic formula: x² - 3x - 10 = 0,"x = 5, x = 2","x = 5, x = -2",Mathematics,Algebra,Quadratic Equations,Quadratic Equations,incorrect,0,Formula application error,Formula application error
S072,Q13,"If f(x) = 2x + 1, find f(3)",9,7,Mathematics,Functions,Functions,Functions,incorrect,0,Substitution error,Substitution error
S072,Q14,What is the domain of f(x) = 1/x?,All real numbers,All real numbers except 0,Mathematics,Functions,Functions,Functions,incorrect,0,Domain restriction oversight,Domain restriction oversight
S072,Q15,"If f(x) = x² and g(x) = x+1, find f(g(2))",5,9,Mathematics,Functions,Functions,Functions,incorrect,0,Composition order error,Composition order error
S072,Q16,Find the y-intercept of f(x) = 3x - 6,2,-6,Mathematics,Functions,Functions,Functions,incorrect,0,Intercept identification error,Intercept identification error
S072,Q17,Solve: 2x + 3 > 7,x > 5,x > 2,Mathematics,Algebra,Inequalities,Inequalities,incorrect,0,Arithmetic error,Arithmetic error
S072,Q18,Solve: -3x < 9,x < -3,x > -3,Mathematics,Algebra,Inequalities,Inequalities,incorrect,0,Sign flip with negative division,Sign flip with negative division
S072,Q19,Solve: |x| ≤ 5,-5 ≤ x ≤ 5,-5 ≤ x ≤ 5,Mathematics,Algebra,Inequalities,Inequalities,correct,1,,
S072,Q20,Graph the solution: x ≥ -2,"Open circle at -2, shade right","Closed circle at -2, shade right",Mathematics,Algebra,Inequalities,Inequalities,incorrect,0,Inequality symbol confusion,Inequality symbol confusion
S073,Q01,Solve for x: 2x + 4 = 10,x = 3,x = 3,Mathematics,Algebra,Linear Equations,Linear Equations,correct,1,,
S073,Q02,Solve for x: 3x - 6 = 9,x = 5,x = 5,Mathematics,Algebra,Linear Equations,Linear Equations,correct,1,,
S073,Q03,Solve for x: x/2 + 3 = 7,x = 8,x = 8,Mathematics,Algebra,Linear Equations,Linear Equations,correct,1,,
S073,Q04,Solve for x: 5x = 25,x = 20,x = 5,Mathematics,Algebra,Linear Equations,Linear Equations,incorrect,0,Division error,Division error
S073,Q05,Factor: x² + 5x + 6,(x+2)(x+3),(x+2)(x+3),Mathematics,Algebra,Factorization,Factorization,correct,1,,
S073,Q06,Factor: x² + 7x + 12,(x+3)(x+4),(x+3)(x+4),Mathematics,Algebra,Factorization,Factorization,correct,1,,
S073,Q07,Factor: x² - 9,(x+9)(x-1),(x+3)(x-3),Mathematics,Algebra,Factorization,Factorization,incorrect,0,Difference of squares confusion,Difference of squares confusion
S073,Q08,Factor: 2x² + 6x,2(x²+3x),2x(x+3),Mathematics,Algebra,Factorization,Factorization,incorrect,0,Incomplete factoring,Incomplete factoring
S073,Q09,Solve: x² - 5x + 6 = 0,"x = -2, x = -3","x = 2, x = 3",Mathematics,Algebra,Quadratic Equations,Quadratic Equations,incorrect,0,Sign error in roots,Sign error in roots
S073,Q10,What is the discriminant of x² + 4x + 4 = 0?,8,0,Mathematics,Algebra,Quadratic Equations,Quadratic Equations,incorrect,0,Discriminant formula error,Discriminant formula error
S073,Q11,Solve: x² = 16,"x = 4, x = -4","x = 4, x = -4",Mathematics,Algebra,Quadratic Equations,Quadratic Equations,correct,1,,
S073,Q12,Solve using quadratic formula: x² - 3x - 10 = 0,"x = 5, x = 2","x = 5, x = -2",Mathematics,Algebra,Quadratic Equations,Quadratic Equations,incorrect,0,Formula application error,Formula application error
S073,Q13,"If f(x) = 2x + 1, find f(3)",7,7,Mathematics,Functions,Functions,Functions,correct,1,,
S073,Q14,What is the domain of f(x) = 1/x?,All real numbers except 0,All real numbers except 0,Mathematics,Functions,Functions,Functions,correct,1,,
S073,Q15,"If f(x) = x² and g(x) = x+1, find f(g(2))",6,9,Mathematics,Functions,Functions,Functions,incorrect,0,Composition order error,Composition order error
S073,Q16,Find the y-intercept of f(x) = 3x - 6,-6,-6,Mathematics,Functions,Functions,Functions,correct,1,,
S073,Q17,Solve: 2x + 3 > 7,x > 2,x > 2,Mathematics,Algebra,Inequalities,Inequalities,correct,1,,
S073,Q18,Solve: -3x < 9,x > -3,x > -3,Mathematics,Algebra,Inequalities,Inequalities,correct,1,,
S073,Q19,Solve: |x| ≤ 5,x ≤ 5,-5 ≤ x ≤ 5,Mathematics,Algebra,Inequalities,Inequalities,incorrect,0,Absolute value misunderstanding,Absolute value misunderstanding
S073,Q20,Graph the solution: x ≥ -2,"Closed circle at -2, shade right","Closed circle at -2, shade right",Mathematics,Algebra,Inequalities,Inequalities,correct,1,,
S074,Q01,Solve for x: 2x + 4 = 10,x = 3,x = 3,Mathematics,Algebra,Linear Equations,Linear Equations,correct,1,,
S074,Q02,Solve for x: 3x - 6 = 9,x = 1,x = 5,Mathematics,Algebra,Linear Equations,Linear Equations,incorrect,0,Sign error,Sign error
S074,Q03,Solve for x: x/2 + 3 = 7,x = 8,x = 8,Mathematics,Algebra,Linear Equations,Linear Equations,correct,1,,
S074,Q04,Solve for x: 5x = 25,x = 5,x = 5,Mathematics,Algebra,Linear Equations,Linear Equations,correct,1,,
S074,Q05,Factor: x² + 5x + 6,(x+2)(x+3),(x+2)(x+3),Mathematics,Algebra,Factorization,Factorization,correct,1,,
S074,Q06,Factor: x² + 7x + 12,(x+4)(x+4),(x+3)(x+4),Mathematics,Algebra,Factorization,Factorization,incorrect,0,Incorrect factor-pair selection,Incorrect factor-pair selection
S074,Q07,Factor: x² - 9,(x+9)(x-1),(x+3)(x-3),Mathematics,Algebra,Factorization,Factorization,incorrect,0,Difference of squares confusion,Difference of squares confusion
S074,Q08,Factor: 2x² + 6x,x(2x+6),2x(x+3),Mathematics,Algebra,Factorization,Factorization,incorrect,0,Incomplete factoring,Incomplete factoring
S074,Q09,Solve: x² - 5x + 6 = 0,"x = 2, x = 3","x = 2, x = 3",Mathematics,Algebra,Quadratic Equations,Quadratic Equations,correct,1,,
S074,Q10,What is the discriminant of x² + 4x + 4 = 0?,0,0,Mathematics,Algebra,Quadratic Equations,Quadratic Equations,correct,1,,
S074,Q11,Solve: x² = 16,x = 4,"x = 4, x = -4",Mathematics,Algebra,Quadratic Equations,Quadratic Equations,incorrect,0,Missing negative root,Missing negative root
S074,Q12,Solve using quadratic formula: x² - 3x - 10 = 0,"x = 5, x = -2","x = 5, x = -2",Mathematics,Algebra,Quadratic Equations,Quadratic Equations,correct,1,,
S074,Q13,"If f(x) = 2x + 1, find f(3)",5,7,Mathematics,Functions,Functions,Functions,incorrect,0,Substitution error,Substitution error
S074,Q14,What is the domain of f(x) = 1/x?,All real numbers except 0,All real numbers except 0,Mathematics,Functions,Functions,Functions,correct,1,,
S074,Q15,"If f(x) = x² and g(x) = x+1, find f(g(2))",9,9,Mathematics,Functions,Functions,Functions,correct,1,,
S074,Q16,Find the y-intercept of f(x) = 3x - 6,-6,-6,Mathematics,Functions,Functions,Functions,correct,1,,
S074,Q17,Solve: 2x + 3 > 7,x > 2,x > 2,Mathematics,Algebra,Inequalities,Inequalities,correct,1,,
S074,Q18,Solve: -3x < 9,x < -3,x > -3,Mathematics,Algebra,Inequalities,Inequalities,incorrect,0,Sign flip with negative division,Sign flip with negative division
S074,Q19,Solve: |x| ≤ 5,x = 5,-5 ≤ x ≤ 5,Mathematics,Algebra,Inequalities,Inequalities,incorrect,0,Absolute value misunderstanding,Absolute value misunderstanding
S074,Q20,Graph the solution: x ≥ -2,"Closed circle at -2, shade right","Closed circle at -2, shade right",Mathematics,Algebra,Inequalities,Inequalities,correct,1,,
S075,Q01,Solve for x: 2x + 4 = 10,x = 3,x = 3,Mathematics,Algebra,Linear Equations,Linear Equations,correct,1,,
S075,Q02,Solve for x: 3x - 6 = 9,x = 5,x = 5,Mathematics,Algebra,Linear Equations,Linear Equations,correct,1,,
S075,Q03,Solve for x: x/2 + 3 = 7,x = 4,x = 8,Mathematics,Algebra,Linear Equations,Linear Equations,incorrect,0,Order of operations,Order of operations
S075,Q04,Solve for x: 5x = 25,x = 30,x = 5,Mathematics,Algebra,Linear Equations,Linear Equations,incorrect,0,Division error,Division error
S075,Q05,Factor: x² + 5x + 6,(x+2)(x+3),(x+2)(x+3),Mathematics,Algebra,Factorization,Factorization,correct,1,,
S075,Q06,Factor: x² + 7x + 12,(x+2)(x+6),(x+3)(x+4),Mathematics,Algebra,Factorization,Factorization,incorrect,0,Incorrect factor-pair selection,Incorrect factor-pair selection
S075,Q07,Factor: x² - 9,(x+3)(x-3),(x+3)(x-3),Mathematics,Algebra,Factorization,Factorization,correct,1,,
S075,Q08,Factor: 2x² + 6x,x(2x+6),2x(x+3),Mathematics,Algebra,Factorization,Factorization,incorrect,0,Incomplete factoring,Incomplete factoring
S075,Q09,Solve: x² - 5x + 6 = 0,"x = 1, x = 6","x = 2, x = 3",Mathematics,Algebra,Quadratic Equations,Quadratic Equations,incorrect,0,Sign error in roots,Sign error in roots
S075,Q10,What is the discriminant of x² + 4x + 4 = 0?,0,0,Mathematics,Algebra,Quadratic Equations,Quadratic Equations,correct,1,,
S075,Q11,Solve: x² = 16,x = 4,"x = 4, x = -4",Mathematics,Algebra,Quadratic Equations,Quadratic Equations,incorrect,0,Missing negative root,Missing negative root
S075,Q12,Solve using quadratic formula: x² - 3x - 10 = 0,"x = 5, x = -2","x = 5, x = -2",Mathematics,Algebra,Quadratic Equations,Quadratic Equations,correct,1,,
S075,Q13,"If f(x) = 2x + 1, find f(3)",7,7,Mathematics,Functions,Functions,Functions,correct,1,,
S075,Q14,What is the domain of f(x) = 1/x?,All real numbers except 0,All real numbers except 0,Mathematics,Functions,Functions,Functions,correct,1,,
S075,Q15,"If f(x) = x² and g(x) = x+1, find f(g(2))",9,9,Mathematics,Functions,Functions,Functions,correct,1,,
S075,Q16,Find the y-intercept of f(x) = 3x - 6,6,-6,Mathematics,Functions,Functions,Functions,incorrect,0,Intercept identification error,Intercept identification error
S075,Q17,Solve: 2x + 3 > 7,x > 5,x > 2,Mathematics,Algebra,Inequalities,Inequalities,incorrect,0,Arithmetic error,Arithmetic error
S075,Q18,Solve: -3x < 9,x > -3,x > -3,Mathematics,Algebra,Inequalities,Inequalities,correct,1,,
S075,Q19,Solve: |x| ≤ 5,x ≥ -5,-5 ≤ x ≤ 5,Mathematics,Algebra,Inequalities,Inequalities,incorrect,0,Absolute value misunderstanding,Absolute value misunderstanding
S075,Q20,Graph the solution: x ≥ -2,"Closed circle at -2, shade left","Closed circle at -2, shade right",Mathematics,Algebra,Inequalities,Inequalities,incorrect,0,Inequality symbol confusion,Inequality symbol confusion
S076,Q01,Solve for x: 2x + 4 = 10,x = 5,x = 3,Mathematics,Algebra,Linear Equations,Linear Equations,incorrect,0,Arithmetic error,Arithmetic error
S076,Q02,Solve for x: 3x - 6 = 9,x = 5,x = 5,Mathematics,Algebra,Linear Equations,Linear Equations,correct,1,,
S076,Q03,Solve for x: x/2 + 3 = 7,x = 2,x = 8,Mathematics,Algebra,Linear Equations,Linear Equations,incorrect,0,Order of operations,Order of operations
S076,Q04,Solve for x: 5x = 25,x = 5,x = 5,Mathematics,Algebra,Linear Equations,Linear Equations,correct,1,,
S076,Q05,Factor: x² + 5x + 6,(x+2)(x+3),(x+2)(x+3),Mathematics,Algebra,Factorization,Factorization,correct,1,,
S076,Q06,Factor: x² + 7x + 12,(x+3)(x+4),(x+3)(x+4),Mathematics,Algebra,Factorization,Factorization,correct,1,,
S076,Q07,Factor: x² - 9,(x+3)(x-3),(x+3)(x-3),Mathematics,Algebra,Factorization,Factorization,correct,1,,
S076,Q08,Factor: 2x² + 6x,x(2x+6),2x(x+3),Mathematics,Algebra,Factorization,Factorization,incorrect,0,Incomplete factoring,Incomplete factoring
S076,Q09,Solve: x² - 5x + 6 = 0,"x = 2, x = -3","x = 2, x = 3",Mathematics,Algebra,Quadratic Equations,Quadratic Equations,incorrect,0,Sign error in roots,Sign error in roots
S076,Q10,What is the discriminant of x² + 4x + 4 = 0?,8,0,Mathematics,Algebra,Quadratic Equations,Quadratic Equations,incorrect,0,Discriminant formula error,Discriminant formula error
S076,Q11,Solve: x² = 16,x = 256,"x = 4, x = -4",Mathematics,Algebra,Quadratic Equations,Quadratic Equations,incorrect,0,Missing negative root,Missing negative root
S076,Q12,Solve using quadratic formula: x² - 3x - 10 = 0,"x = 5, x = -2","x = 5, x = -2",Mathematics,Algebra,Quadratic Equations,Quadratic Equations,correct,1,,
S076,Q13,"If f(x) = 2x + 1, find f(3)",9,7,Mathematics,Functions,Functions,Functions,incorrect,0,Substitution error,Substitution error
S076,Q14,What is the domain of f(x) = 1/x?,All real numbers except 0,All real numbers except 0,Mathematics,Functions,Functions,Functions,correct,1,,
S076,Q15,"If f(x) = x² and g(x) = x+1, find f(g(2))",9,9,Mathematics,Functions,Functions,Functions,correct,1,,
S076,Q16,Find the y-intercept of f(x) = 3x - 6,-6,-6,Mathematics,Functions,Functions,Functions,correct,1,,
S076,Q17,Solve: 2x + 3 > 7,x > 2,x > 2,Mathematics,Algebra,Inequalities,Inequalities,correct,1,,
S076,Q18,Solve: -3x < 9,x > -3,x > -3,Mathematics,Algebra,Inequalities,Inequalities,correct,1,,
S076,Q19,Solve: |x| ≤ 5,x ≤ 5,-5 ≤ x ≤ 5,Mathematics,Algebra,Inequalities,Inequalities,incorrect,0,Absolute value misunderstanding,Absolute value misunderstanding
S076,Q20,Graph the solution: x ≥ -2,"Closed circle at -2, shade left","Closed circle at -2, shade right",Mathematics,Algebra,Inequalities,Inequalities,incorrect,0,Inequality symbol confusion,Inequality symbol confusion
S077,Q01,Solve for x: 2x + 4 = 10,x = 3,x = 3,Mathematics,Algebra,Linear Equations,Linear Equations,correct,1,,
S077,Q02,Solve for x: 3x - 6 = 9,x = 15,x = 5,Mathematics,Algebra,Linear Equations,Linear Equations,incorrect,0,Sign error,Sign error
S077,Q03,Solve for x: x/2 + 3 = 7,x = 4,x = 8,Mathematics,Algebra,Linear Equations,Linear Equations,incorrect,0,Order of operations,Order of operations
S077,Q04,Solve for x: 5x = 25,x = 5,x = 5,Mathematics,Algebra,Linear Equations,Linear Equations,correct,1,,
S077,Q05,Factor: x² + 5x + 6,(x+1)(x+6),(x+2)(x+3),Mathematics,Algebra,Factorization,Factorization,incorrect,0,Incorrect factor-pair selection,Incorrect factor-pair selection
S077,Q06,Factor: x² + 7x + 12,(x+3)(x+4),(x+3)(x+4),Mathematics,Algebra,Factorization,Factorization,correct,1,,
S077,Q07,Factor: x² - 9,(x-9)(x+1),(x+3)(x-3),Mathematics,Algebra,Factorization,Factorization,incorrect,0,Difference of squares confusion,Difference of squares confusion
S077,Q08,Factor: 2x² + 6x,2x(x+6),2x(x+3),Mathematics,Algebra,Factorization,Factorization,incorrect,0,Incomplete factoring,Incomplete factoring
S077,Q09,Solve: x² - 5x + 6 = 0,"x = 1, x = 6","x = 2, x = 3",Mathematics,Algebra,Quadratic Equations,Quadratic Equations,incorrect,0,Sign error in roots,Sign error in roots
S077,Q10,What is the discriminant of x² + 4x + 4 = 0?,8,0,Mathematics,Algebra,Quadratic Equations,Quadratic Equations,incorrect,0,Discriminant formula error,Discriminant formula error
S077,Q11,Solve: x² = 16,x = 4,"x = 4, x = -4",Mathematics,Algebra,Quadratic Equations,Quadratic Equations,incorrect,0,Missing negative root,Missing negative root
S077,Q12,Solve using quadratic formula: x² - 3x - 10 = 0,"x = 5, x = 2","x = 5, x = -2",Mathematics,Algebra,Quadratic Equations,Quadratic Equations,incorrect,0,Formula application error,Formula application error
S077,Q13,"If f(x) = 2x + 1, find f(3)",7,7,Mathematics,Functions,Functions,Functions,correct,1,,
S077,Q14,What is the domain of f(x) = 1/x?,x > 0,All real numbers except 0,Mathematics,Functions,Functions,Functions,incorrect,0,Domain restriction oversight,Domain restriction oversight
S077,Q15,"If f(x) = x² and g(x) = x+1, find f(g(2))",9,9,Mathematics,Functions,Functions,Functions,correct,1,,
S077,Q16,Find the y-intercept of f(x) = 3x - 6,-6,-6,Mathematics,Functions,Functions,Functions,correct,1,,
S077,Q17,Solve: 2x + 3 > 7,x > 5,x > 2,Mathematics,Algebra,Inequalities,Inequalities,incorrect,0,Arithmetic error,Arithmetic error
S077,Q18,Solve: -3x < 9,x > 3,x > -3,Mathematics,Algebra,Inequalities,Inequalities,incorrect,0,Sign flip with negative division,Sign flip with negative division
S077,Q19,Solve: |x| ≤ 5,x ≤ 5,-5 ≤ x ≤ 5,Mathematics,Algebra,Inequalities,Inequalities,incorrect,0,Absolute value misunderstanding,Absolute value misunderstanding
S077,Q20,Graph the solution: x ≥ -2,"Open circle at -2, shade right","Closed circle at -2, shade right",Mathematics,Algebra,Inequalities,Inequalities,incorrect,0,Inequality symbol confusion,Inequality symbol confusion
S078,Q01,Solve for x: 2x + 4 = 10,x = 5,x = 3,Mathematics,Algebra,Linear Equations,Linear Equations,incorrect,0,Arithmetic error,Arithmetic error
S078,Q02,Solve for x: 3x - 6 = 9,x = 15,x = 5,Mathematics,Algebra,Linear Equations,Linear Equations,incorrect,0,Sign error,Sign error
S078,Q03,Solve for x: x/2 + 3 = 7,x = 8,x = 8,Mathematics,Algebra,Linear Equations,Linear Equations,correct,1,,
S078,Q04,Solve for x: 5x = 25,x = 5,x = 5,Mathematics,Algebra,Linear Equations,Linear Equations,correct,1,,
S078,Q05,Factor: x² + 5x + 6,(x+2)(x+3),(x+2)(x+3),Mathematics,Algebra,Factorization,Factorization,correct,1,,
S078,Q06,Factor: x² + 7x + 12,(x+1)(x+12),(x+3)(x+4),Mathematics,Algebra,Factorization,Factorization,incorrect,0,Incorrect factor-pair selection,Incorrect factor-pair selection
S078,Q07,Factor: x² - 9,(x+9)(x-1),(x+3)(x-3),Mathematics,Algebra,Factorization,Factorization,incorrect,0,Difference of squares confusion,Difference of squares confusion
S078,Q08,Factor: 2x² + 6x,2(x²+3x),2x(x+3),Mathematics,Algebra,Factorization,Factorization,incorrect,0,Incomplete factoring,Incomplete factoring
S078,Q09,Solve: x² - 5x + 6 = 0,"x = 2, x = -3","x = 2, x = 3",Mathematics,Algebra,Quadratic Equations,Quadratic Equations,incorrect,0,Sign error in roots,Sign error in roots
S078,Q10,What is the discriminant of x² + 4x + 4 = 0?,0,0,Mathematics,Algebra,Quadratic Equations,Quadratic Equations,correct,1,,
S078,Q11,Solve: x² = 16,x = 4,"x = 4, x = -4",Mathematics,Algebra,Quadratic Equations,Quadratic Equations,incorrect,0,Missing negative root,Missing negative root
S078,Q12,Solve using quadratic formula: x² - 3x - 10 = 0,"x = 5, x = 2","x = 5, x = -2",Mathematics,Algebra,Quadratic Equations,Quadratic Equations,incorrect,0,Formula application error,Formula application error
S078,Q13,"If f(x) = 2x + 1, find f(3)",7,7,Mathematics,Functions,Functions,Functions,correct,1,,
S078,Q14,What is the domain of f(x) = 1/x?,All real numbers except 0,All real numbers except 0,Mathematics,Functions,Functions,Functions,correct,1,,
S078,Q15,"If f(x) = x² and g(x) = x+1, find f(g(2))",5,9,Mathematics,Functions,Functions,Functions,incorrect,0,Composition order error,Composition order error
S078,Q16,Find the y-intercept of f(x) = 3x - 6,-6,-6,Mathematics,Functions,Functions,Functions,correct,1,,
S078,Q17,Solve: 2x + 3 > 7,x > 5,x > 2,Mathematics,Algebra,Inequalities,Inequalities,incorrect,0,Arithmetic error,Arithmetic error
S078,Q18,Solve: -3x < 9,x < -3,x > -3,Mathematics,Algebra,Inequalities,Inequalities,incorrect,0,Sign flip with negative division,Sign flip with negative division
S078,Q19,Solve: |x| ≤ 5,-5 ≤ x ≤ 5,-5 ≤ x ≤ 5,Mathematics,Algebra,Inequalities,Inequalities,correct,1,,
S078,Q20,Graph the solution: x ≥ -2,"Closed circle at -2, shade right","Closed circle at -2, shade right",Mathematics,Algebra,Inequalities,Inequalities,correct,1,,
S079,Q01,Solve for x: 2x + 4 = 10,x = 3,x = 3,Mathematics,Algebra,Linear Equations,Linear Equations,correct,1,,
S079,Q02,Solve for x: 3x - 6 = 9,x = 5,x = 5,Mathematics,Algebra,Linear Equations,Linear Equations,correct,1,,
S079,Q03,Solve for x: x/2 + 3 = 7,x = 8,x = 8,Mathematics,Algebra,Linear Equations,Linear Equations,correct,1,,
S079,Q04,Solve for x: 5x = 25,x = 5,x = 5,Mathematics,Algebra,Linear Equations,Linear Equations,correct,1,,
S079,Q05,Factor: x² + 5x + 6,(x+2)(x+3),(x+2)(x+3),Mathematics,Algebra,Factorization,Factorization,correct,1,,
S079,Q06,Factor: x² + 7x + 12,(x+3)(x+4),(x+3)(x+4),Mathematics,Algebra,Factorization,Factorization,correct,1,,
S079,Q07,Factor: x² - 9,(x-3)(x-3),(x+3)(x-3),Mathematics,Algebra,Factorization,Factorization,incorrect,0,Difference of squares confusion,Difference of squares confusion
S079,Q08,Factor: 2x² + 6x,x(2x+6),2x(x+3),Mathematics,Algebra,Factorization,Factorization,incorrect,0,Incomplete factoring,Incomplete factoring
S079,Q09,Solve: x² - 5x + 6 = 0,"x = 2, x = 3","x = 2, x = 3",Mathematics,Algebra,Quadratic Equations,Quadratic Equations,correct,1,,
S079,Q10,What is the discriminant of x² + 4x + 4 = 0?,0,0,Mathematics,Algebra,Quadratic Equations,Quadratic Equations,correct,1,,
S079,Q11,Solve: x² = 16,x = 256,"x = 4, x = -4",Mathematics,Algebra,Quadratic Equations,Quadratic Equations,incorrect,0,Missing negative root,Missing negative root
S079,Q12,Solve using quadratic formula: x² - 3x - 10 = 0,"x = -5, x = 2","x = 5, x = -2",Mathematics,Algebra,Quadratic Equations,Quadratic Equations,incorrect,0,Formula application error,Formula application error
S079,Q13,"If f(x) = 2x + 1, find f(3)",5,7,Mathematics,Functions,Functions,Functions,incorrect,0,Substitution error,Substitution error
S079,Q14,What is the domain of f(x) = 1/x?,All real numbers,All real numbers except 0,Mathematics,Functions,Functions,Functions,incorrect,0,Domain restriction oversight,Domain restriction oversight
S079,Q15,"If f(x) = x² and g(x) = x+1, find f(g(2))",9,9,Mathematics,Functions,Functions,Functions,correct,1,,
S079,Q16,Find the y-intercept of f(x) = 3x - 6,-6,-6,Mathematics,Functions,Functions,Functions,correct,1,,
S079,Q17,Solve: 2x + 3 > 7,x < 2,x > 2,Mathematics,Algebra,Inequalities,Inequalities,incorrect,0,Arithmetic error,Arithmetic error
S079,Q18,Solve: -3x < 9,x > -3,x > -3,Mathematics,Algebra,Inequalities,Inequalities,correct,1,,
S079,Q19,Solve: |x| ≤ 5,-5 ≤ x ≤ 5,-5 ≤ x ≤ 5,Mathematics,Algebra,Inequalities,Inequalities,correct,1,,
S079,Q20,Graph the solution: x ≥ -2,"Open circle at -2, shade right","Closed circle at -2, shade right",Mathematics,Algebra,Inequalities,Inequalities,incorrect,0,Inequality symbol confusion,Inequality symbol confusion
S080,Q01,Solve for x: 2x + 4 = 10,x = 3,x = 3,Mathematics,Algebra,Linear Equations,Linear Equations,correct,1,,
S080,Q02,Solve for x: 3x - 6 = 9,x = 5,x = 5,Mathematics,Algebra,Linear Equations,Linear Equations,correct,1,,
S080,Q03,Solve for x: x/2 + 3 = 7,x = 2,x = 8,Mathematics,Algebra,Linear Equations,Linear Equations,incorrect,0,Order of operations,Order of operations
S080,Q04,Solve for x: 5x = 25,x = 5,x = 5,Mathematics,Algebra,Linear Equations,Linear Equations,correct,1,,
S080,Q05,Factor: x² + 5x + 6,(x+1)(x+6),(x+2)(x+3),Mathematics,Algebra,Factorization,Factorization,incorrect,0,Incorrect factor-pair selection,Incorrect factor-pair selection
S080,Q06,Factor: x² + 7x + 12,(x+2)(x+6),(x+3)(x+4),Mathematics,Algebra,Factorization,Factorization,incorrect,0,Incorrect factor-pair selection,Incorrect factor-pair selection
S080,Q07,Factor: x² - 9,(x-9)(x+1),(x+3)(x-3),Mathematics,Algebra,Factorization,Factorization,incorrect,0,Difference of squares confusion,Difference of squares confusion
S080,Q08,Factor: 2x² + 6x,x(2x+6),2x(x+3),Mathematics,Algebra,Factorization,Factorization,incorrect,0,Incomplete factoring,Incomplete factoring
S080,Q09,Solve: x² - 5x + 6 = 0,"x = -2, x = -3","x = 2, x = 3",Mathematics,Algebra,Quadratic Equations,Quadratic Equations,incorrect,0,Sign error in roots,Sign error in roots
S080,Q10,What is the discriminant of x² + 4x + 4 = 0?,0,0,Mathematics,Algebra,Quadratic Equations,Quadratic Equations,correct,1,,
S080,Q11,Solve: x² = 16,x = 4,"x = 4, x = -4",Mathematics,Algebra,Quadratic Equations,Quadratic Equations,incorrect,0,Missing negative root,Missing negative root
S080,Q12,Solve using quadratic formula: x² - 3x - 10 = 0,"x = 5, x = 2","x = 5, x = -2",Mathematics,Algebra,Quadratic Equations,Quadratic Equations,incorrect,0,Formula application error,Formula application error
S080,Q13,"If f(x) = 2x + 1, find f(3)",7,7,Mathematics,Functions,Functions,Functions,correct,1,,
S080,Q14,What is the domain of f(x) = 1/x?,x ≥ 0,All real numbers except 0,Mathematics,Functions,Functions,Functions,incorrect,0,Domain restriction oversight,Domain restriction oversight
S080,Q15,"If f(x) = x² and g(x) = x+1, find f(g(2))",9,9,Mathematics,Functions,Functions,Functions,correct,1,,
S080,Q16,Find the y-intercept of f(x) = 3x - 6,-6,-6,Mathematics,Functions,Functions,Functions,correct,1,,
S080,Q17,Solve: 2x + 3 > 7,x < 2,x > 2,Mathematics,Algebra,Inequalities,Inequalities,incorrect,0,Arithmetic error,Arithmetic error
S080,Q18,Solve: -3x < 9,x < 3,x > -3,Mathematics,Algebra,Inequalities,Inequalities,incorrect,0,Sign flip with negative division,Sign flip with negative division
S080,Q19,Solve: |x| ≤ 5,x ≤ 5,-5 ≤ x ≤ 5,Mathematics,Algebra,Inequalities,Inequalities,incorrect,0,Absolute value misunderstanding,Absolute value misunderstanding
S080,Q20,Graph the solution: x ≥ -2,"Open circle at -2, shade right","Closed circle at -2, shade right",Mathematics,Algebra,Inequalities,Inequalities,incorrect,0,Inequality symbol confusion,Inequality symbol confusion
S081,Q01,Solve for x: 2x + 4 = 10,x = 5,x = 3,Mathematics,Algebra,Linear Equations,Linear Equations,incorrect,0,Arithmetic error,Arithmetic error
S081,Q02,Solve for x: 3x - 6 = 9,x = 5,x = 5,Mathematics,Algebra,Linear Equations,Linear Equations,correct,1,,
S081,Q03,Solve for x: x/2 + 3 = 7,x = 4,x = 8,Mathematics,Algebra,Linear Equations,Linear Equations,incorrect,0,Order of operations,Order of operations
S081,Q04,Solve for x: 5x = 25,x = 30,x = 5,Mathematics,Algebra,Linear Equations,Linear Equations,incorrect,0,Division error,Division error
S081,Q05,Factor: x² + 5x + 6,(x+3)(x+3),(x+2)(x+3),Mathematics,Algebra,Factorization,Factorization,incorrect,0,Incorrect factor-pair selection,Incorrect factor-pair selection
S081,Q06,Factor: x² + 7x + 12,(x+3)(x+4),(x+3)(x+4),Mathematics,Algebra,Factorization,Factorization,correct,1,,
S081,Q07,Factor: x² - 9,(x+9)(x-1),(x+3)(x-3),Mathematics,Algebra,Factorization,Factorization,incorrect,0,Difference of squares confusion,Difference of squares confusion
S081,Q08,Factor: 2x² + 6x,2(x²+3x),2x(x+3),Mathematics,Algebra,Factorization,Factorization,incorrect,0,Incomplete factoring,Incomplete factoring
S081,Q09,Solve: x² - 5x + 6 = 0,"x = 1, x = 6","x = 2, x = 3",Mathematics,Algebra,Quadratic Equations,Quadratic Equations,incorrect,0,Sign error in roots,Sign error in roots
S081,Q10,What is the discriminant of x² + 4x + 4 = 0?,16,0,Mathematics,Algebra,Quadratic Equations,Quadratic Equations,incorrect,0,Discriminant formula error,Discriminant formula error
S081,Q11,Solve: x² = 16,x = 4,"x = 4, x = -4",Mathematics,Algebra,Quadratic Equations,Quadratic Equations,incorrect,0,Missing negative root,Missing negative root
S081,Q12,Solve using quadratic formula: x² - 3x - 10 = 0,"x = 5, x = 2","x = 5, x = -2",Mathematics,Algebra,Quadratic Equations,Quadratic Equations,incorrect,0,Formula application error,Formula application error
S081,Q13,"If f(x) = 2x + 1, find f(3)",7,7,Mathematics,Functions,Functions,Functions,correct,1,,
S081,Q14,What is the domain of f(x) = 1/x?,All real numbers,All real numbers except 0,Mathematics,Functions,Functions,Functions,incorrect,0,Domain restriction oversight,Domain restriction oversight
S081,Q15,"If f(x) = x² and g(x) = x+1, find f(g(2))",5,9,Mathematics,Functions,Functions,Functions,incorrect,0,Composition order error,Composition order error
S081,Q16,Find the y-intercept of f(x) = 3x - 6,-6,-6,Mathematics,Functions,Functions,Functions,correct,1,,
S081,Q17,Solve: 2x + 3 > 7,x < 2,x > 2,Mathematics,Algebra,Inequalities,Inequalities,incorrect,0,Arithmetic error,Arithmetic error
S081,Q18,Solve: -3x < 9,x > -3,x > -3,Mathematics,Algebra,Inequalities,Inequalities,correct,1,,
S081,Q19,Solve: |x| ≤ 5,x ≤ 5,-5 ≤ x ≤ 5,Mathematics,Algebra,Inequalities,Inequalities,incorrect,0,Absolute value misunderstanding,Absolute value misunderstanding
S081,Q20,Graph the solution: x ≥ -2,"Open circle at -2, shade right","Closed circle at -2, shade right",Mathematics,Algebra,Inequalities,Inequalities,incorrect,0,Inequality symbol confusion,Inequality symbol confusion
S082,Q01,Solve for x: 2x + 4 = 10,x = 7,x = 3,Mathematics,Algebra,Linear Equations,Linear Equations,incorrect,0,Arithmetic error,Arithmetic error
S082,Q02,Solve for x: 3x - 6 = 9,x = 15,x = 5,Mathematics,Algebra,Linear Equations,Linear Equations,incorrect,0,Sign error,Sign error
S082,Q03,Solve for x: x/2 + 3 = 7,x = 4,x = 8,Mathematics,Algebra,Linear Equations,Linear Equations,incorrect,0,Order of operations,Order of operations
S082,Q04,Solve for x: 5x = 25,x = 30,x = 5,Mathematics,Algebra,Linear Equations,Linear Equations,incorrect,0,Division error,Division error
S082,Q05,Factor: x² + 5x + 6,(x+1)(x+6),(x+2)(x+3),Mathematics,Algebra,Factorization,Factorization,incorrect,0,Incorrect factor-pair selection,Incorrect factor-pair selection
S082,Q06,Factor: x² + 7x + 12,(x+3)(x+4),(x+3)(x+4),Mathematics,Algebra,Factorization,Factorization,correct,1,,
S082,Q07,Factor: x² - 9,(x+3)(x-3),(x+3)(x-3),Mathematics,Algebra,Factorization,Factorization,correct,1,,
S082,Q08,Factor: 2x² + 6x,2(x²+3x),2x(x+3),Mathematics,Algebra,Factorization,Factorization,incorrect,0,Incomplete factoring,Incomplete factoring
S082,Q09,Solve: x² - 5x + 6 = 0,"x = 2, x = 3","x = 2, x = 3",Mathematics,Algebra,Quadratic Equations,Quadratic Equations,correct,1,,
S082,Q10,What is the discriminant of x² + 4x + 4 = 0?,16,0,Mathematics,Algebra,Quadratic Equations,Quadratic Equations,incorrect,0,Discriminant formula error,Discriminant formula error
S082,Q11,Solve: x² = 16,x = 256,"x = 4, x = -4",Mathematics,Algebra,Quadratic Equations,Quadratic Equations,incorrect,0,Missing negative root,Missing negative root
S082,Q12,Solve using quadratic formula: x² - 3x - 10 = 0,"x = 5, x = 2","x = 5, x = -2",Mathematics,Algebra,Quadratic Equations,Quadratic Equations,incorrect,0,Formula application error,Formula application error
S082,Q13,"If f(x) = 2x + 1, find f(3)",6,7,Mathematics,Functions,Functions,Functions,incorrect,0,Substitution error,Substitution error
S082,Q14,What is the domain of f(x) = 1/x?,All real numbers except 0,All real numbers except 0,Mathematics,Functions,Functions,Functions,correct,1,,
S082,Q15,"If f(x) = x² and g(x) = x+1, find f(g(2))",9,9,Mathematics,Functions,Functions,Functions,correct,1,,
S082,Q16,Find the y-intercept of f(x) = 3x - 6,2,-6,Mathematics,Functions,Functions,Functions,incorrect,0,Intercept identification error,Intercept identification error
S082,Q17,Solve: 2x + 3 > 7,x > 5,x > 2,Mathematics,Algebra,Inequalities,Inequalities,incorrect,0,Arithmetic error,Arithmetic error
S082,Q18,Solve: -3x < 9,x > -3,x > -3,Mathematics,Algebra,Inequalities,Inequalities,correct,1,,
S082,Q19,Solve: |x| ≤ 5,-5 ≤ x ≤ 5,-5 ≤ x ≤ 5,Mathematics,Algebra,Inequalities,Inequalities,correct,1,,
S082,Q20,Graph the solution: x ≥ -2,"Closed circle at -2, shade left","Closed circle at -2, shade right",Mathematics,Algebra,Inequalities,Inequalities,incorrect,0,Inequality symbol confusion,Inequality symbol confusion
S083,Q01,Solve for x: 2x + 4 = 10,x = 5,x = 3,Mathematics,Algebra,Linear Equations,Linear Equations,incorrect,0,Arithmetic error,Arithmetic error
S083,Q02,Solve for x: 3x - 6 = 9,x = 3,x = 5,Mathematics,Algebra,Linear Equations,Linear Equations,incorrect,0,Sign error,Sign error
S083,Q03,Solve for x: x/2 + 3 = 7,x = 4,x = 8,Mathematics,Algebra,Linear Equations,Linear Equations,incorrect,0,Order of operations,Order of operations
S083,Q04,Solve for x: 5x = 25,x = 5,x = 5,Mathematics,Algebra,Linear Equations,Linear Equations,correct,1,,
S083,Q05,Factor: x² + 5x + 6,(x+1)(x+6),(x+2)(x+3),Mathematics,Algebra,Factorization,Factorization,incorrect,0,Incorrect factor-pair selection,Incorrect factor-pair selection
S083,Q06,Factor: x² + 7x + 12,(x+2)(x+6),(x+3)(x+4),Mathematics,Algebra,Factorization,Factorization,incorrect,0,Incorrect factor-pair selection,Incorrect factor-pair selection
S083,Q07,Factor: x² - 9,(x-3)(x-3),(x+3)(x-3),Mathematics,Algebra,Factorization,Factorization,incorrect,0,Difference of squares confusion,Difference of squares confusion
S083,Q08,Factor: 2x² + 6x,2x(x+3),2x(x+3),Mathematics,Algebra,Factorization,Factorization,correct,1,,
S083,Q09,Solve: x² - 5x + 6 = 0,"x = -2, x = -3","x = 2, x = 3",Mathematics,Algebra,Quadratic Equations,Quadratic Equations,incorrect,0,Sign error in roots,Sign error in roots
S083,Q10,What is the discriminant of x² + 4x + 4 = 0?,16,0,Mathematics,Algebra,Quadratic Equations,Quadratic Equations,incorrect,0,Discriminant formula error,Discriminant formula error
S083,Q11,Solve: x² = 16,"x = 4, x = -4","x = 4, x = -4",Mathematics,Algebra,Quadratic Equations,Quadratic Equations,correct,1,,
S083,Q12,Solve using quadratic formula: x² - 3x - 10 = 0,"x = 10, x = -1","x = 5, x = -2",Mathematics,Algebra,Quadratic Equations,Quadratic Equations,incorrect,0,Formula application error,Formula application error
S083,Q13,"If f(x) = 2x + 1, find f(3)",7,7,Mathematics,Functions,Functions,Functions,correct,1,,
S083,Q14,What is the domain of f(x) = 1/x?,x > 0,All real numbers except 0,Mathematics,Functions,Functions,Functions,incorrect,0,Domain restriction oversight,Domain restriction oversight
S083,Q15,"If f(x) = x² and g(x) = x+1, find f(g(2))",4,9,Mathematics,Functions,Functions,Functions,incorrect,0,Composition order error,Composition order error
S083,Q16,Find the y-intercept of f(x) = 3x - 6,2,-6,Mathematics,Functions,Functions,Functions,incorrect,0,Intercept identification error,Intercept identification error
S083,Q17,Solve: 2x + 3 > 7,x > 2,x > 2,Mathematics,Algebra,Inequalities,Inequalities,correct,1,,
S083,Q18,Solve: -3x < 9,x > -3,x > -3,Mathematics,Algebra,Inequalities,Inequalities,correct,1,,
S083,Q19,Solve: |x| ≤ 5,x ≤ 5,-5 ≤ x ≤ 5,Mathematics,Algebra,Inequalities,Inequalities,incorrect,0,Absolute value misunderstanding,Absolute value misunderstanding
S083,Q20,Graph the solution: x ≥ -2,"Closed circle at -2, shade right","Closed circle at -2, shade right",Mathematics,Algebra,Inequalities,Inequalities,correct,1,,
S084,Q01,Solve for x: 2x + 4 = 10,x = 3,x = 3,Mathematics,Algebra,Linear Equations,Linear Equations,correct,1,,
S084,Q02,Solve for x: 3x - 6 = 9,x = 3,x = 5,Mathematics,Algebra,Linear Equations,Linear Equations,incorrect,0,Sign error,Sign error
S084,Q03,Solve for x: x/2 + 3 = 7,x = 2,x = 8,Mathematics,Algebra,Linear Equations,Linear Equations,incorrect,0,Order of operations,Order of operations
S084,Q04,Solve for x: 5x = 25,x = 5,x = 5,Mathematics,Algebra,Linear Equations,Linear Equations,correct,1,,
S084,Q05,Factor: x² + 5x + 6,(x+1)(x+6),(x+2)(x+3),Mathematics,Algebra,Factorization,Factorization,incorrect,0,Incorrect factor-pair selection,Incorrect factor-pair selection
S084,Q06,Factor: x² + 7x + 12,(x+2)(x+6),(x+3)(x+4),Mathematics,Algebra,Factorization,Factorization,incorrect,0,Incorrect factor-pair selection,Incorrect factor-pair selection
S084,Q07,Factor: x² - 9,(x+3)(x-3),(x+3)(x-3),Mathematics,Algebra,Factorization,Factorization,correct,1,,
S084,Q08,Factor: 2x² + 6x,x(2x+6),2x(x+3),Mathematics,Algebra,Factorization,Factorization,incorrect,0,Incomplete factoring,Incomplete factoring
S084,Q09,Solve: x² - 5x + 6 = 0,"x = 1, x = 6","x = 2, x = 3",Mathematics,Algebra,Quadratic Equations,Quadratic Equations,incorrect,0,Sign error in roots,Sign error in roots
S084,Q10,What is the discriminant of x² + 4x + 4 = 0?,16,0,Mathematics,Algebra,Quadratic Equations,Quadratic Equations,incorrect,0,Discriminant formula error,Discriminant formula error
S084,Q11,Solve: x² = 16,x = 4,"x = 4, x = -4",Mathematics,Algebra,Quadratic Equations,Quadratic Equations,incorrect,0,Missing negative root,Missing negative root
S084,Q12,Solve using quadratic formula: x² - 3x - 10 = 0,"x = 5, x = -2","x = 5, x = -2",Mathematics,Algebra,Quadratic Equations,Quadratic Equations,correct,1,,
S084,Q13,"If f(x) = 2x + 1, find f(3)",7,7,Mathematics,Functions,Functions,Functions,correct,1,,
S084,Q14,What is the domain of f(x) = 1/x?,All real numbers except 0,All real numbers except 0,Mathematics,Functions,Functions,Functions,correct,1,,
S084,Q15,"If f(x) = x² and g(x) = x+1, find f(g(2))",9,9,Mathematics,Functions,Functions,Functions,correct,1,,
S084,Q16,Find the y-intercept of f(x) = 3x - 6,-6,-6,Mathematics,Functions,Functions,Functions,correct,1,,
S084,Q17,Solve: 2x + 3 > 7,x < 2,x > 2,Mathematics,Algebra,Inequalities,Inequalities,incorrect,0,Arithmetic error,Arithmetic error
S084,Q18,Solve: -3x < 9,x < -3,x > -3,Mathematics,Algebra,Inequalities,Inequalities,incorrect,0,Sign flip with negative division,Sign flip with negative division
S084,Q19,Solve: |x| ≤ 5,x ≤ 5,-5 ≤ x ≤ 5,Mathematics,Algebra,Inequalities,Inequalities,incorrect,0,Absolute value misunderstanding,Absolute value misunderstanding
S084,Q20,Graph the solution: x ≥ -2,"Closed circle at -2, shade right","Closed circle at -2, shade right",Mathematics,Algebra,Inequalities,Inequalities,correct,1,,
S085,Q01,Solve for x: 2x + 4 = 10,x = 3,x = 3,Mathematics,Algebra,Linear Equations,Linear Equations,correct,1,,
S085,Q02,Solve for x: 3x - 6 = 9,x = 5,x = 5,Mathematics,Algebra,Linear Equations,Linear Equations,correct,1,,
S085,Q03,Solve for x: x/2 + 3 = 7,x = 4,x = 8,Mathematics,Algebra,Linear Equations,Linear Equations,incorrect,0,Order of operations,Order of operations
S085,Q04,Solve for x: 5x = 25,x = 125,x = 5,Mathematics,Algebra,Linear Equations,Linear Equations,incorrect,0,Division error,Division error
S085,Q05,Factor: x² + 5x + 6,(x+2)(x+3),(x+2)(x+3),Mathematics,Algebra,Factorization,Factorization,correct,1,,
S085,Q06,Factor: x² + 7x + 12,(x+4)(x+4),(x+3)(x+4),Mathematics,Algebra,Factorization,Factorization,incorrect,0,Incorrect factor-pair selection,Incorrect factor-pair selection
S085,Q07,Factor: x² - 9,(x+3)(x-3),(x+3)(x-3),Mathematics,Algebra,Factorization,Factorization,correct,1,,
S085,Q08,Factor: 2x² + 6x,x(2x+6),2x(x+3),Mathematics,Algebra,Factorization,Factorization,incorrect,0,Incomplete factoring,Incomplete factoring
S085,Q09,Solve: x² - 5x + 6 = 0,"x = 2, x = 3","x = 2, x = 3",Mathematics,Algebra,Quadratic Equations,Quadratic Equations,correct,1,,
S085,Q10,What is the discriminant of x² + 4x + 4 = 0?,0,0,Mathematics,Algebra,Quadratic Equations,Quadratic Equations,correct,1,,
S085,Q11,Solve: x² = 16,"x = 4, x = -4","x = 4, x = -4",Mathematics,Algebra,Quadratic Equations,Quadratic Equations,correct,1,,
S085,Q12,Solve using quadratic formula: x² - 3x - 10 = 0,"x = 5, x = 2","x = 5, x = -2",Mathematics,Algebra,Quadratic Equations,Quadratic Equations,incorrect,0,Formula application error,Formula application error
S085,Q13,"If f(x) = 2x + 1, find f(3)",9,7,Mathematics,Functions,Functions,Functions,incorrect,0,Substitution error,Substitution error
S085,Q14,What is the domain of f(x) = 1/x?,All real numbers except 0,All real numbers except 0,Mathematics,Functions,Functions,Functions,correct,1,,
S085,Q15,"If f(x) = x² and g(x) = x+1, find f(g(2))",9,9,Mathematics,Functions,Functions,Functions,correct,1,,
S085,Q16,Find the y-intercept of f(x) = 3x - 6,6,-6,Mathematics,Functions,Functions,Functions,incorrect,0,Intercept identification error,Intercept identification error
S085,Q17,Solve: 2x + 3 > 7,x > 2,x > 2,Mathematics,Algebra,Inequalities,Inequalities,correct,1,,
S085,Q18,Solve: -3x < 9,x > -3,x > -3,Mathematics,Algebra,Inequalities,Inequalities,correct,1,,
S085,Q19,Solve: |x| ≤ 5,x ≤ 5,-5 ≤ x ≤ 5,Mathematics,Algebra,Inequalities,Inequalities,incorrect,0,Absolute value misunderstanding,Absolute value misunderstanding
S085,Q20,Graph the solution: x ≥ -2,"Closed circle at -2, shade right","Closed circle at -2, shade right",Mathematics,Algebra,Inequalities,Inequalities,correct,1,,
S086,Q01,Solve for x: 2x + 4 = 10,x = 2,x = 3,Mathematics,Algebra,Linear Equations,Linear Equations,incorrect,0,Arithmetic error,Arithmetic error
S086,Q02,Solve for x: 3x - 6 = 9,x = 3,x = 5,Mathematics,Algebra,Linear Equations,Linear Equations,incorrect,0,Sign error,Sign error
S086,Q03,Solve for x: x/2 + 3 = 7,x = 14,x = 8,Mathematics,Algebra,Linear Equations,Linear Equations,incorrect,0,Order of operations,Order of operations
S086,Q04,Solve for x: 5x = 25,x = 125,x = 5,Mathematics,Algebra,Linear Equations,Linear Equations,incorrect,0,Division error,Division error
S086,Q05,Factor: x² + 5x + 6,(x+1)(x+6),(x+2)(x+3),Mathematics,Algebra,Factorization,Factorization,incorrect,0,Incorrect factor-pair selection,Incorrect factor-pair selection
S086,Q06,Factor: x² + 7x + 12,(x+3)(x+4),(x+3)(x+4),Mathematics,Algebra,Factorization,Factorization,correct,1,,
S086,Q07,Factor: x² - 9,(x-3)(x-3),(x+3)(x-3),Mathematics,Algebra,Factorization,Factorization,incorrect,0,Difference of squares confusion,Difference of squares confusion
S086,Q08,Factor: 2x² + 6x,2x(x+6),2x(x+3),Mathematics,Algebra,Factorization,Factorization,incorrect,0,Incomplete factoring,Incomplete factoring
S086,Q09,Solve: x² - 5x + 6 = 0,"x = 2, x = 3","x = 2, x = 3",Mathematics,Algebra,Quadratic Equations,Quadratic Equations,correct,1,,
S086,Q10,What is the discriminant of x² + 4x + 4 = 0?,0,0,Mathematics,Algebra,Quadratic Equations,Quadratic Equations,correct,1,,
S086,Q11,Solve: x² = 16,x = 4,"x = 4, x = -4",Mathematics,Algebra,Quadratic Equations,Quadratic Equations,incorrect,0,Missing negative root,Missing negative root
S086,Q12,Solve using quadratic formula: x² - 3x - 10 = 0,"x = 5, x = -2","x = 5, x = -2",Mathematics,Algebra,Quadratic Equations,Quadratic Equations,correct,1,,
S086,Q13,"If f(x) = 2x + 1, find f(3)",5,7,Mathematics,Functions,Functions,Functions,incorrect,0,Substitution error,Substitution error
S086,Q14,What is the domain of f(x) = 1/x?,All real numbers,All real numbers except 0,Mathematics,Functions,Functions,Functions,incorrect,0,Domain restriction oversight,Domain restriction oversight
S086,Q15,"If f(x) = x² and g(x) = x+1, find f(g(2))",6,9,Mathematics,Functions,Functions,Functions,incorrect,0,Composition order error,Composition order error
S086,Q16,Find the y-intercept of f(x) = 3x - 6,6,-6,Mathematics,Functions,Functions,Functions,incorrect,0,Intercept identification error,Intercept identification error
S086,Q17,Solve: 2x + 3 > 7,x > 5,x > 2,Mathematics,Algebra,Inequalities,Inequalities,incorrect,0,Arithmetic error,Arithmetic error
S086,Q18,Solve: -3x < 9,x < -3,x > -3,Mathematics,Algebra,Inequalities,Inequalities,incorrect,0,Sign flip with negative division,Sign flip with negative division
S086,Q19,Solve: |x| ≤ 5,-5 ≤ x ≤ 5,-5 ≤ x ≤ 5,Mathematics,Algebra,Inequalities,Inequalities,correct,1,,
S086,Q20,Graph the solution: x ≥ -2,"Open circle at -2, shade right","Closed circle at -2, shade right",Mathematics,Algebra,Inequalities,Inequalities,incorrect,0,Inequality symbol confusion,Inequality symbol confusion
S087,Q01,Solve for x: 2x + 4 = 10,x = 3,x = 3,Mathematics,Algebra,Linear Equations,Linear Equations,correct,1,,
S087,Q02,Solve for x: 3x - 6 = 9,x = 5,x = 5,Mathematics,Algebra,Linear Equations,Linear Equations,correct,1,,
S087,Q03,Solve for x: x/2 + 3 = 7,x = 8,x = 8,Mathematics,Algebra,Linear Equations,Linear Equations,correct,1,,
S087,Q04,Solve for x: 5x = 25,x = 5,x = 5,Mathematics,Algebra,Linear Equations,Linear Equations,correct,1,,
S087,Q05,Factor: x² + 5x + 6,(x+1)(x+6),(x+2)(x+3),Mathematics,Algebra,Factorization,Factorization,incorrect,0,Incorrect factor-pair selection,Incorrect factor-pair selection
S087,Q06,Factor: x² + 7x + 12,(x+2)(x+6),(x+3)(x+4),Mathematics,Algebra,Factorization,Factorization,incorrect,0,Incorrect factor-pair selection,Incorrect factor-pair selection
S087,Q07,Factor: x² - 9,(x-3)(x-3),(x+3)(x-3),Mathematics,Algebra,Factorization,Factorization,incorrect,0,Difference of squares confusion,Difference of squares confusion
S087,Q08,Factor: 2x² + 6x,x(2x+6),2x(x+3),Mathematics,Algebra,Factorization,Factorization,incorrect,0,Incomplete factoring,Incomplete factoring
S087,Q09,Solve: x² - 5x + 6 = 0,"x = -2, x = -3","x = 2, x = 3",Mathematics,Algebra,Quadratic Equations,Quadratic Equations,incorrect,0,Sign error in roots,Sign error in roots
S087,Q10,What is the discriminant of x² + 4x + 4 = 0?,0,0,Mathematics,Algebra,Quadratic Equations,Quadratic Equations,correct,1,,
S087,Q11,Solve: x² = 16,x = 4,"x = 4, x = -4",Mathematics,Algebra,Quadratic Equations,Quadratic Equations,incorrect,0,Missing negative root,Missing negative root
S087,Q12,Solve using quadratic formula: x² - 3x - 10 = 0,"x = 5, x = 2","x = 5, x = -2",Mathematics,Algebra,Quadratic Equations,Quadratic Equations,incorrect,0,Formula application error,Formula application error
S087,Q13,"If f(x) = 2x + 1, find f(3)",7,7,Mathematics,Functions,Functions,Functions,correct,1,,
S087,Q14,What is the domain of f(x) = 1/x?,All real numbers,All real numbers except 0,Mathematics,Functions,Functions,Functions,incorrect,0,Domain restriction oversight,Domain restriction oversight
S087,Q15,"If f(x) = x² and g(x) = x+1, find f(g(2))",5,9,Mathematics,Functions,Functions,Functions,incorrect,0,Composition order error,Composition order error
S087,Q16,Find the y-intercept of f(x) = 3x - 6,-6,-6,Mathematics,Functions,Functions,Functions,correct,1,,
S087,Q17,Solve: 2x + 3 > 7,x > 5,x > 2,Mathematics,Algebra,Inequalities,Inequalities,incorrect,0,Arithmetic error,Arithmetic error
S087,Q18,Solve: -3x < 9,x < -3,x > -3,Mathematics,Algebra,Inequalities,Inequalities,incorrect,0,Sign flip with negative division,Sign flip with negative division
S087,Q19,Solve: |x| ≤ 5,x ≥ -5,-5 ≤ x ≤ 5,Mathematics,Algebra,Inequalities,Inequalities,incorrect,0,Absolute value misunderstanding,Absolute value misunderstanding
S087,Q20,Graph the solution: x ≥ -2,"Closed circle at -2, shade right","Closed circle at -2, shade right",Mathematics,Algebra,Inequalities,Inequalities,correct,1,,
S088,Q01,Solve for x: 2x + 4 = 10,x = 5,x = 3,Mathematics,Algebra,Linear Equations,Linear Equations,incorrect,0,Arithmetic error,Arithmetic error
S088,Q02,Solve for x: 3x - 6 = 9,x = 15,x = 5,Mathematics,Algebra,Linear Equations,Linear Equations,incorrect,0,Sign error,Sign error
S088,Q03,Solve for x: x/2 + 3 = 7,x = 8,x = 8,Mathematics,Algebra,Linear Equations,Linear Equations,correct,1,,
S088,Q04,Solve for x: 5x = 25,x = 125,x = 5,Mathematics,Algebra,Linear Equations,Linear Equations,incorrect,0,Division error,Division error
S088,Q05,Factor: x² + 5x + 6,(x+2)(x+3),(x+2)(x+3),Mathematics,Algebra,Factorization,Factorization,correct,1,,
S088,Q06,Factor: x² + 7x + 12,(x+3)(x+4),(x+3)(x+4),Mathematics,Algebra,Factorization,Factorization,correct,1,,
S088,Q07,Factor: x² - 9,(x+3)(x-3),(x+3)(x-3),Mathematics,Algebra,Factorization,Factorization,correct,1,,
S088,Q08,Factor: 2x² + 6x,x(2x+6),2x(x+3),Mathematics,Algebra,Factorization,Factorization,incorrect,0,Incomplete factoring,Incomplete factoring
S088,Q09,Solve: x² - 5x + 6 = 0,"x = 2, x = 3","x = 2, x = 3",Mathematics,Algebra,Quadratic Equations,Quadratic Equations,correct,1,,
S088,Q10,What is the discriminant of x² + 4x + 4 = 0?,16,0,Mathematics,Algebra,Quadratic Equations,Quadratic Equations,incorrect,0,Discriminant formula error,Discriminant formula error
S088,Q11,Solve: x² = 16,"x = 4, x = -4","x = 4, x = -4",Mathematics,Algebra,Quadratic Equations,Quadratic Equations,correct,1,,
S088,Q12,Solve using quadratic formula: x² - 3x - 10 = 0,"x = 5, x = 2","x = 5, x = -2",Mathematics,Algebra,Quadratic Equations,Quadratic Equations,incorrect,0,Formula application error,Formula application error
S088,Q13,"If f(x) = 2x + 1, find f(3)",7,7,Mathematics,Functions,Functions,Functions,correct,1,,
S088,Q14,What is the domain of f(x) = 1/x?,All real numbers except 0,All real numbers except 0,Mathematics,Functions,Functions,Functions,correct,1,,
S088,Q15,"If f(x) = x² and g(x) = x+1, find f(g(2))",5,9,Mathematics,Functions,Functions,Functions,incorrect,0,Composition order error,Composition order error
S088,Q16,Find the y-intercept of f(x) = 3x - 6,-6,-6,Mathematics,Functions,Functions,Functions,correct,1,,
S088,Q17,Solve: 2x + 3 > 7,x > 2,x > 2,Mathematics,Algebra,Inequalities,Inequalities,correct,1,,
S088,Q18,Solve: -3x < 9,x > -3,x > -3,Mathematics,Algebra,Inequalities,Inequalities,correct,1,,
S088,Q19,Solve: |x| ≤ 5,-5 ≤ x ≤ 5,-5 ≤ x ≤ 5,Mathematics,Algebra,Inequalities,Inequalities,correct,1,,
S088,Q20,Graph the solution: x ≥ -2,"Closed circle at -2, shade right","Closed circle at -2, shade right",Mathematics,Algebra,Inequalities,Inequalities,correct,1,,
S089,Q01,Solve for x: 2x + 4 = 10,x = 3,x = 3,Mathematics,Algebra,Linear Equations,Linear Equations,correct,1,,
S089,Q02,Solve for x: 3x - 6 = 9,x = 5,x = 5,Mathematics,Algebra,Linear Equations,Linear Equations,correct,1,,
S089,Q03,Solve for x: x/2 + 3 = 7,x = 4,x = 8,Mathematics,Algebra,Linear Equations,Linear Equations,incorrect,0,Order of operations,Order of operations
S089,Q04,Solve for x: 5x = 25,x = 5,x = 5,Mathematics,Algebra,Linear Equations,Linear Equations,correct,1,,
S089,Q05,Factor: x² + 5x + 6,(x+1)(x+6),(x+2)(x+3),Mathematics,Algebra,Factorization,Factorization,incorrect,0,Incorrect factor-pair selection,Incorrect factor-pair selection
S089,Q06,Factor: x² + 7x + 12,(x+3)(x+4),(x+3)(x+4),Mathematics,Algebra,Factorization,Factorization,correct,1,,
S089,Q07,Factor: x² - 9,(x+9)(x-1),(x+3)(x-3),Mathematics,Algebra,Factorization,Factorization,incorrect,0,Difference of squares confusion,Difference of squares confusion
S089,Q08,Factor: 2x² + 6x,2(x²+3x),2x(x+3),Mathematics,Algebra,Factorization,Factorization,incorrect,0,Incomplete factoring,Incomplete factoring
S089,Q09,Solve: x² - 5x + 6 = 0,"x = 2, x = -3","x = 2, x = 3",Mathematics,Algebra,Quadratic Equations,Quadratic Equations,incorrect,0,Sign error in roots,Sign error in roots
S089,Q10,What is the discriminant of x² + 4x + 4 = 0?,16,0,Mathematics,Algebra,Quadratic Equations,Quadratic Equations,incorrect,0,Discriminant formula error,Discriminant formula error
S089,Q11,Solve: x² = 16,"x = 4, x = -4","x = 4, x = -4",Mathematics,Algebra,Quadratic Equations,Quadratic Equations,correct,1,,
S089,Q12,Solve using quadratic formula: x² - 3x - 10 = 0,"x = -5, x = 2","x = 5, x = -2",Mathematics,Algebra,Quadratic Equations,Quadratic Equations,incorrect,0,Formula application error,Formula application error
S089,Q13,"If f(x) = 2x + 1, find f(3)",9,7,Mathematics,Functions,Functions,Functions,incorrect,0,Substitution error,Substitution error
S089,Q14,What is the domain of f(x) = 1/x?,All real numbers,All real numbers except 0,Mathematics,Functions,Functions,Functions,incorrect,0,Domain restriction oversight,Domain restriction oversight
S089,Q15,"If f(x) = x² and g(x) = x+1, find f(g(2))",9,9,Mathematics,Functions,Functions,Functions,correct,1,,
S089,Q16,Find the y-intercept of f(x) = 3x - 6,6,-6,Mathematics,Functions,Functions,Functions,incorrect,0,Intercept identification error,Intercept identification error
S089,Q17,Solve: 2x + 3 > 7,x > 2,x > 2,Mathematics,Algebra,Inequalities,Inequalities,correct,1,,
S089,Q18,Solve: -3x < 9,x > 3,x > -3,Mathematics,Algebra,Inequalities,Inequalities,incorrect,0,Sign flip with negative division,Sign flip with negative division
S089,Q19,Solve: |x| ≤ 5,-5 ≤ x ≤ 5,-5 ≤ x ≤ 5,Mathematics,Algebra,Inequalities,Inequalities,correct,1,,
S089,Q20,Graph the solution: x ≥ -2,"Open circle at -2, shade right","Closed circle at -2, shade right",Mathematics,Algebra,Inequalities,Inequalities,incorrect,0,Inequality symbol confusion,Inequality symbol confusion
S090,Q01,Solve for x: 2x + 4 = 10,x = 3,x = 3,Mathematics,Algebra,Linear Equations,Linear Equations,correct,1,,
S090,Q02,Solve for x: 3x - 6 = 9,x = 3,x = 5,Mathematics,Algebra,Linear Equations,Linear Equations,incorrect,0,Sign error,Sign error
S090,Q03,Solve for x: x/2 + 3 = 7,x = 4,x = 8,Mathematics,Algebra,Linear Equations,Linear Equations,incorrect,0,Order of operations,Order of operations
S090,Q04,Solve for x: 5x = 25,x = 30,x = 5,Mathematics,Algebra,Linear Equations,Linear Equations,incorrect,0,Division error,Division error
S090,Q05,Factor: x² + 5x + 6,(x+1)(x+6),(x+2)(x+3),Mathematics,Algebra,Factorization,Factorization,incorrect,0,Incorrect factor-pair selection,Incorrect factor-pair selection
S090,Q06,Factor: x² + 7x + 12,(x+4)(x+4),(x+3)(x+4),Mathematics,Algebra,Factorization,Factorization,incorrect,0,Incorrect factor-pair selection,Incorrect factor-pair selection
S090,Q07,Factor: x² - 9,(x-3)(x-3),(x+3)(x-3),Mathematics,Algebra,Factorization,Factorization,incorrect,0,Difference of squares confusion,Difference of squares confusion
S090,Q08,Factor: 2x² + 6x,2x(x+3),2x(x+3),Mathematics,Algebra,Factorization,Factorization,correct,1,,
S090,Q09,Solve: x² - 5x + 6 = 0,"x = 1, x = 6","x = 2, x = 3",Mathematics,Algebra,Quadratic Equations,Quadratic Equations,incorrect,0,Sign error in roots,Sign error in roots
S090,Q10,What is the discriminant of x² + 4x + 4 = 0?,16,0,Mathematics,Algebra,Quadratic Equations,Quadratic Equations,incorrect,0,Discriminant formula error,Discriminant formula error
S090,Q11,Solve: x² = 16,x = 4,"x = 4, x = -4",Mathematics,Algebra,Quadratic Equations,Quadratic Equations,incorrect,0,Missing negative root,Missing negative root
S090,Q12,Solve using quadratic formula: x² - 3x - 10 = 0,"x = -5, x = 2","x = 5, x = -2",Mathematics,Algebra,Quadratic Equations,Quadratic Equations,incorrect,0,Formula application error,Formula application error
S090,Q13,"If f(x) = 2x + 1, find f(3)",6,7,Mathematics,Functions,Functions,Functions,incorrect,0,Substitution error,Substitution error
S090,Q14,What is the domain of f(x) = 1/x?,All real numbers,All real numbers except 0,Mathematics,Functions,Functions,Functions,incorrect,0,Domain restriction oversight,Domain restriction oversight
S090,Q15,"If f(x) = x² and g(x) = x+1, find f(g(2))",9,9,Mathematics,Functions,Functions,Functions,correct,1,,
S090,Q16,Find the y-intercept of f(x) = 3x - 6,-6,-6,Mathematics,Functions,Functions,Functions,correct,1,,
S090,Q17,Solve: 2x + 3 > 7,x < 2,x > 2,Mathematics,Algebra,Inequalities,Inequalities,incorrect,0,Arithmetic error,Arithmetic error
S090,Q18,Solve: -3x < 9,x < -3,x > -3,Mathematics,Algebra,Inequalities,Inequalities,incorrect,0,Sign flip with negative division,Sign flip with negative division
S090,Q19,Solve: |x| ≤ 5,x = 5,-5 ≤ x ≤ 5,Mathematics,Algebra,Inequalities,Inequalities,incorrect,0,Absolute value misunderstanding,Absolute value misunderstanding
S090,Q20,Graph the solution: x ≥ -2,"Open circle at -2, shade right","Closed circle at -2, shade right",Mathematics,Algebra,Inequalities,Inequalities,incorrect,0,Inequality symbol confusion,Inequality symbol confusion
S091,Q01,Solve for x: 2x + 4 = 10,x = 3,x = 3,Mathematics,Algebra,Linear Equations,Linear Equations,correct,1,,
S091,Q02,Solve for x: 3x - 6 = 9,x = 3,x = 5,Mathematics,Algebra,Linear Equations,Linear Equations,incorrect,0,Sign error,Sign error
S091,Q03,Solve for x: x/2 + 3 = 7,x = 2,x = 8,Mathematics,Algebra,Linear Equations,Linear Equations,incorrect,0,Order of operations,Order of operations
S091,Q04,Solve for x: 5x = 25,x = 30,x = 5,Mathematics,Algebra,Linear Equations,Linear Equations,incorrect,0,Division error,Division error
S091,Q05,Factor: x² + 5x + 6,(x+3)(x+3),(x+2)(x+3),Mathematics,Algebra,Factorization,Factorization,incorrect,0,Incorrect factor-pair selection,Incorrect factor-pair selection
S091,Q06,Factor: x² + 7x + 12,(x+1)(x+12),(x+3)(x+4),Mathematics,Algebra,Factorization,Factorization,incorrect,0,Incorrect factor-pair selection,Incorrect factor-pair selection
S091,Q07,Factor: x² - 9,(x+9)(x-1),(x+3)(x-3),Mathematics,Algebra,Factorization,Factorization,incorrect,0,Difference of squares confusion,Difference of squares confusion
S091,Q08,Factor: 2x² + 6x,x(2x+6),2x(x+3),Mathematics,Algebra,Factorization,Factorization,incorrect,0,Incomplete factoring,Incomplete factoring
S091,Q09,Solve: x² - 5x + 6 = 0,"x = -2, x = -3","x = 2, x = 3",Mathematics,Algebra,Quadratic Equations,Quadratic Equations,incorrect,0,Sign error in roots,Sign error in roots
S091,Q10,What is the discriminant of x² + 4x + 4 = 0?,16,0,Mathematics,Algebra,Quadratic Equations,Quadratic Equations,incorrect,0,Discriminant formula error,Discriminant formula error
S091,Q11,Solve: x² = 16,"x = 4, x = -4","x = 4, x = -4",Mathematics,Algebra,Quadratic Equations,Quadratic Equations,correct,1,,
S091,Q12,Solve using quadratic formula: x² - 3x - 10 = 0,"x = 5, x = -2","x = 5, x = -2",Mathematics,Algebra,Quadratic Equations,Quadratic Equations,correct,1,,
S091,Q13,"If f(x) = 2x + 1, find f(3)",5,7,Mathematics,Functions,Functions,Functions,incorrect,0,Substitution error,Substitution error
S091,Q14,What is the domain of f(x) = 1/x?,x ≥ 0,All real numbers except 0,Mathematics,Functions,Functions,Functions,incorrect,0,Domain restriction oversight,Domain restriction oversight
S091,Q15,"If f(x) = x² and g(x) = x+1, find f(g(2))",9,9,Mathematics,Functions,Functions,Functions,correct,1,,
S091,Q16,Find the y-intercept of f(x) = 3x - 6,6,-6,Mathematics,Functions,Functions,Functions,incorrect,0,Intercept identification error,Intercept identification error
S091,Q17,Solve: 2x + 3 > 7,x > 5,x > 2,Mathematics,Algebra,Inequalities,Inequalities,incorrect,0,Arithmetic error,Arithmetic error
S091,Q18,Solve: -3x < 9,x < 3,x > -3,Mathematics,Algebra,Inequalities,Inequalities,incorrect,0,Sign flip with negative division,Sign flip with negative division
S091,Q19,Solve: |x| ≤ 5,x ≥ -5,-5 ≤ x ≤ 5,Mathematics,Algebra,Inequalities,Inequalities,incorrect,0,Absolute value misunderstanding,Absolute value misunderstanding
S091,Q20,Graph the solution: x ≥ -2,"Open circle at -2, shade right","Closed circle at -2, shade right",Mathematics,Algebra,Inequalities,Inequalities,incorrect,0,Inequality symbol confusion,Inequality symbol confusion
S092,Q01,Solve for x: 2x + 4 = 10,x = 7,x = 3,Mathematics,Algebra,Linear Equations,Linear Equations,incorrect,0,Arithmetic error,Arithmetic error
S092,Q02,Solve for x: 3x - 6 = 9,x = 3,x = 5,Mathematics,Algebra,Linear Equations,Linear Equations,incorrect,0,Sign error,Sign error
S092,Q03,Solve for x: x/2 + 3 = 7,x = 14,x = 8,Mathematics,Algebra,Linear Equations,Linear Equations,incorrect,0,Order of operations,Order of operations
S092,Q04,Solve for x: 5x = 25,x = 20,x = 5,Mathematics,Algebra,Linear Equations,Linear Equations,incorrect,0,Division error,Division error
S092,Q05,Factor: x² + 5x + 6,(x+2)(x+3),(x+2)(x+3),Mathematics,Algebra,Factorization,Factorization,correct,1,,
S092,Q06,Factor: x² + 7x + 12,(x+2)(x+6),(x+3)(x+4),Mathematics,Algebra,Factorization,Factorization,incorrect,0,Incorrect factor-pair selection,Incorrect factor-pair selection
S092,Q07,Factor: x² - 9,(x+9)(x-1),(x+3)(x-3),Mathematics,Algebra,Factorization,Factorization,incorrect,0,Difference of squares confusion,Difference of squares confusion
S092,Q08,Factor: 2x² + 6x,x(2x+6),2x(x+3),Mathematics,Algebra,Factorization,Factorization,incorrect,0,Incomplete factoring,Incomplete factoring
S092,Q09,Solve: x² - 5x + 6 = 0,"x = 2, x = 3","x = 2, x = 3",Mathematics,Algebra,Quadratic Equations,Quadratic Equations,correct,1,,
S092,Q10,What is the discriminant of x² + 4x + 4 = 0?,8,0,Mathematics,Algebra,Quadratic Equations,Quadratic Equations,incorrect,0,Discriminant formula error,Discriminant formula error
S092,Q11,Solve: x² = 16,x = 4,"x = 4, x = -4",Mathematics,Algebra,Quadratic Equations,Quadratic Equations,incorrect,0,Missing negative root,Missing negative root
S092,Q12,Solve using quadratic formula: x² - 3x - 10 = 0,"x = 5, x = 2","x = 5, x = -2",Mathematics,Algebra,Quadratic Equations,Quadratic Equations,incorrect,0,Formula application error,Formula application error
S092,Q13,"If f(x) = 2x + 1, find f(3)",6,7,Mathematics,Functions,Functions,Functions,incorrect,0,Substitution error,Substitution error
S092,Q14,What is the domain of f(x) = 1/x?,x > 0,All real numbers except 0,Mathematics,Functions,Functions,Functions,incorrect,0,Domain restriction oversight,Domain restriction oversight
S092,Q15,"If f(x) = x² and g(x) = x+1, find f(g(2))",9,9,Mathematics,Functions,Functions,Functions,correct,1,,
S092,Q16,Find the y-intercept of f(x) = 3x - 6,6,-6,Mathematics,Functions,Functions,Functions,incorrect,0,Intercept identification error,Intercept identification error
S092,Q17,Solve: 2x + 3 > 7,x > 3.5,x > 2,Mathematics,Algebra,Inequalities,Inequalities,incorrect,0,Arithmetic error,Arithmetic error
S092,Q18,Solve: -3x < 9,x < -3,x > -3,Mathematics,Algebra,Inequalities,Inequalities,incorrect,0,Sign flip with negative division,Sign flip with negative division
S092,Q19,Solve: |x| ≤ 5,-5 ≤ x ≤ 5,-5 ≤ x ≤ 5,Mathematics,Algebra,Inequalities,Inequalities,correct,1,,
S092,Q20,Graph the solution: x ≥ -2,"Closed circle at -2, shade left","Closed circle at -2, shade right",Mathematics,Algebra,Inequalities,Inequalities,incorrect,0,Inequality symbol confusion,Inequality symbol confusion
S093,Q01,Solve for x: 2x + 4 = 10,x = 3,x = 3,Mathematics,Algebra,Linear Equations,Linear Equations,correct,1,,
S093,Q02,Solve for x: 3x - 6 = 9,x = 15,x = 5,Mathematics,Algebra,Linear Equations,Linear Equations,incorrect,0,Sign error,Sign error
S093,Q03,Solve for x: x/2 + 3 = 7,x = 8,x = 8,Mathematics,Algebra,Linear Equations,Linear Equations,correct,1,,
S093,Q04,Solve for x: 5x = 25,x = 5,x = 5,Mathematics,Algebra,Linear Equations,Linear Equations,correct,1,,
S093,Q05,Factor: x² + 5x + 6,(x+2)(x+2),(x+2)(x+3),Mathematics,Algebra,Factorization,Factorization,incorrect,0,Incorrect factor-pair selection,Incorrect factor-pair selection
S093,Q06,Factor: x² + 7x + 12,(x+3)(x+4),(x+3)(x+4),Mathematics,Algebra,Factorization,Factorization,correct,1,,
S093,Q07,Factor: x² - 9,(x+3)(x-3),(x+3)(x-3),Mathematics,Algebra,Factorization,Factorization,correct,1,,
S093,Q08,Factor: 2x² + 6x,2(x²+3x),2x(x+3),Mathematics,Algebra,Factorization,Factorization,incorrect,0,Incomplete factoring,Incomplete factoring
S093,Q09,Solve: x² - 5x + 6 = 0,"x = 2, x = 3","x = 2, x = 3",Mathematics,Algebra,Quadratic Equations,Quadratic Equations,correct,1,,
S093,Q10,What is the discriminant of x² + 4x + 4 = 0?,-16,0,Mathematics,Algebra,Quadratic Equations,Quadratic Equations,incorrect,0,Discriminant formula error,Discriminant formula error
S093,Q11,Solve: x² = 16,x = 256,"x = 4, x = -4",Mathematics,Algebra,Quadratic Equations,Quadratic Equations,incorrect,0,Missing negative root,Missing negative root
S093,Q12,Solve using quadratic formula: x² - 3x - 10 = 0,"x = 5, x = -2","x = 5, x = -2",Mathematics,Algebra,Quadratic Equations,Quadratic Equations,correct,1,,
S093,Q13,"If f(x) = 2x + 1, find f(3)",7,7,Mathematics,Functions,Functions,Functions,correct,1,,
S093,Q14,What is the domain of f(x) = 1/x?,All real numbers,All real numbers except 0,Mathematics,Functions,Functions,Functions,incorrect,0,Domain restriction oversight,Domain restriction oversight
S093,Q15,"If f(x) = x² and g(x) = x+1, find f(g(2))",6,9,Mathematics,Functions,Functions,Functions,incorrect,0,Composition order error,Composition order error
S093,Q16,Find the y-intercept of f(x) = 3x - 6,-6,-6,Mathematics,Functions,Functions,Functions,correct,1,,
S093,Q17,Solve: 2x + 3 > 7,x < 2,x > 2,Mathematics,Algebra,Inequalities,Inequalities,incorrect,0,Arithmetic error,Arithmetic error
S093,Q18,Solve: -3x < 9,x > -3,x > -3,Mathematics,Algebra,Inequalities,Inequalities,correct,1,,
S093,Q19,Solve: |x| ≤ 5,x ≤ 5,-5 ≤ x ≤ 5,Mathematics,Algebra,Inequalities,Inequalities,incorrect,0,Absolute value misunderstanding,Absolute value misunderstanding
S093,Q20,Graph the solution: x ≥ -2,"Open circle at 2, shade right","Closed circle at -2, shade right",Mathematics,Algebra,Inequalities,Inequalities,incorrect,0,Inequality symbol confusion,Inequality symbol confusion
S094,Q01,Solve for x: 2x + 4 = 10,x = 3,x = 3,Mathematics,Algebra,Linear Equations,Linear Equations,correct,1,,
S094,Q02,Solve for x: 3x - 6 = 9,x = 5,x = 5,Mathematics,Algebra,Linear Equations,Linear Equations,correct,1,,
S094,Q03,Solve for x: x/2 + 3 = 7,x = 8,x = 8,Mathematics,Algebra,Linear Equations,Linear Equations,correct,1,,
S094,Q04,Solve for x: 5x = 25,x = 5,x = 5,Mathematics,Algebra,Linear Equations,Linear Equations,correct,1,,
S094,Q05,Factor: x² + 5x + 6,(x+2)(x+3),(x+2)(x+3),Mathematics,Algebra,Factorization,Factorization,correct,1,,
S094,Q06,Factor: x² + 7x + 12,(x+2)(x+6),(x+3)(x+4),Mathematics,Algebra,Factorization,Factorization,incorrect,0,Incorrect factor-pair selection,Incorrect factor-pair selection
S094,Q07,Factor: x² - 9,(x-3)(x-3),(x+3)(x-3),Mathematics,Algebra,Factorization,Factorization,incorrect,0,Difference of squares confusion,Difference of squares confusion
S094,Q08,Factor: 2x² + 6x,x(2x+6),2x(x+3),Mathematics,Algebra,Factorization,Factorization,incorrect,0,Incomplete factoring,Incomplete factoring
S094,Q09,Solve: x² - 5x + 6 = 0,"x = 1, x = 6","x = 2, x = 3",Mathematics,Algebra,Quadratic Equations,Quadratic Equations,incorrect,0,Sign error in roots,Sign error in roots
S094,Q10,What is the discriminant of x² + 4x + 4 = 0?,0,0,Mathematics,Algebra,Quadratic Equations,Quadratic Equations,correct,1,,
S094,Q11,Solve: x² = 16,x = 8,"x = 4, x = -4",Mathematics,Algebra,Quadratic Equations,Quadratic Equations,incorrect,0,Missing negative root,Missing negative root
S094,Q12,Solve using quadratic formula: x² - 3x - 10 = 0,"x = 5, x = 2","x = 5, x = -2",Mathematics,Algebra,Quadratic Equations,Quadratic Equations,incorrect,0,Formula application error,Formula application error
S094,Q13,"If f(x) = 2x + 1, find f(3)",6,7,Mathematics,Functions,Functions,Functions,incorrect,0,Substitution error,Substitution error
S094,Q14,What is the domain of f(x) = 1/x?,All real numbers except 0,All real numbers except 0,Mathematics,Functions,Functions,Functions,correct,1,,
S094,Q15,"If f(x) = x² and g(x) = x+1, find f(g(2))",9,9,Mathematics,Functions,Functions,Functions,correct,1,,
S094,Q16,Find the y-intercept of f(x) = 3x - 6,2,-6,Mathematics,Functions,Functions,Functions,incorrect,0,Intercept identification error,Intercept identification error
S094,Q17,Solve: 2x + 3 > 7,x > 5,x > 2,Mathematics,Algebra,Inequalities,Inequalities,incorrect,0,Arithmetic error,Arithmetic error
S094,Q18,Solve: -3x < 9,x < 3,x > -3,Mathematics,Algebra,Inequalities,Inequalities,incorrect,0,Sign flip with negative division,Sign flip with negative division
S094,Q19,Solve: |x| ≤ 5,-5 ≤ x ≤ 5,-5 ≤ x ≤ 5,Mathematics,Algebra,Inequalities,Inequalities,correct,1,,
S094,Q20,Graph the solution: x ≥ -2,"Open circle at 2, shade right","Closed circle at -2, shade right",Mathematics,Algebra,Inequalities,Inequalities,incorrect,0,Inequality symbol confusion,Inequality symbol confusion
S095,Q01,Solve for x: 2x + 4 = 10,x = 3,x = 3,Mathematics,Algebra,Linear Equations,Linear Equations,correct,1,,
S095,Q02,Solve for x: 3x - 6 = 9,x = 3,x = 5,Mathematics,Algebra,Linear Equations,Linear Equations,incorrect,0,Sign error,Sign error
S095,Q03,Solve for x: x/2 + 3 = 7,x = 14,x = 8,Mathematics,Algebra,Linear Equations,Linear Equations,incorrect,0,Order of operations,Order of operations
S095,Q04,Solve for x: 5x = 25,x = 5,x = 5,Mathematics,Algebra,Linear Equations,Linear Equations,correct,1,,
S095,Q05,Factor: x² + 5x + 6,(x+2)(x+2),(x+2)(x+3),Mathematics,Algebra,Factorization,Factorization,incorrect,0,Incorrect factor-pair selection,Incorrect factor-pair selection
S095,Q06,Factor: x² + 7x + 12,(x+2)(x+6),(x+3)(x+4),Mathematics,Algebra,Factorization,Factorization,incorrect,0,Incorrect factor-pair selection,Incorrect factor-pair selection
S095,Q07,Factor: x² - 9,(x-3)(x-3),(x+3)(x-3),Mathematics,Algebra,Factorization,Factorization,incorrect,0,Difference of squares confusion,Difference of squares confusion
S095,Q08,Factor: 2x² + 6x,2(x²+3x),2x(x+3),Mathematics,Algebra,Factorization,Factorization,incorrect,0,Incomplete factoring,Incomplete factoring
S095,Q09,Solve: x² - 5x + 6 = 0,"x = 2, x = 3","x = 2, x = 3",Mathematics,Algebra,Quadratic Equations,Quadratic Equations,correct,1,,
S095,Q10,What is the discriminant of x² + 4x + 4 = 0?,-16,0,Mathematics,Algebra,Quadratic Equations,Quadratic Equations,incorrect,0,Discriminant formula error,Discriminant formula error
S095,Q11,Solve: x² = 16,"x = 4, x = -4","x = 4, x = -4",Mathematics,Algebra,Quadratic Equations,Quadratic Equations,correct,1,,
S095,Q12,Solve using quadratic formula: x² - 3x - 10 = 0,"x = -5, x = 2","x = 5, x = -2",Mathematics,Algebra,Quadratic Equations,Quadratic Equations,incorrect,0,Formula application error,Formula application error
S095,Q13,"If f(x) = 2x + 1, find f(3)",7,7,Mathematics,Functions,Functions,Functions,correct,1,,
S095,Q14,What is the domain of f(x) = 1/x?,x > 0,All real numbers except 0,Mathematics,Functions,Functions,Functions,incorrect,0,Domain restriction oversight,Domain restriction oversight
S095,Q15,"If f(x) = x² and g(x) = x+1, find f(g(2))",5,9,Mathematics,Functions,Functions,Functions,incorrect,0,Composition order error,Composition order error
S095,Q16,Find the y-intercept of f(x) = 3x - 6,6,-6,Mathematics,Functions,Functions,Functions,incorrect,0,Intercept identification error,Intercept identification error
S095,Q17,Solve: 2x + 3 > 7,x > 2,x > 2,Mathematics,Algebra,Inequalities,Inequalities,correct,1,,
S095,Q18,Solve: -3x < 9,x > -3,x > -3,Mathematics,Algebra,Inequalities,Inequalities,correct,1,,
S095,Q19,Solve: |x| ≤ 5,-5 ≤ x ≤ 5,-5 ≤ x ≤ 5,Mathematics,Algebra,Inequalities,Inequalities,correct,1,,
S095,Q20,Graph the solution: x ≥ -2,"Open circle at -2, shade right","Closed circle at -2, shade right",Mathematics,Algebra,Inequalities,Inequalities,incorrect,0,Inequality symbol confusion,Inequality symbol confusion
S096,Q01,Solve for x: 2x + 4 = 10,x = 3,x = 3,Mathematics,Algebra,Linear Equations,Linear Equations,correct,1,,
S096,Q02,Solve for x: 3x - 6 = 9,x = 3,x = 5,Mathematics,Algebra,Linear Equations,Linear Equations,incorrect,0,Sign error,Sign error
S096,Q03,Solve for x: x/2 + 3 = 7,x = 4,x = 8,Mathematics,Algebra,Linear Equations,Linear Equations,incorrect,0,Order of operations,Order of operations
S096,Q04,Solve for x: 5x = 25,x = 5,x = 5,Mathematics,Algebra,Linear Equations,Linear Equations,correct,1,,
S096,Q05,Factor: x² + 5x + 6,(x+2)(x+2),(x+2)(x+3),Mathematics,Algebra,Factorization,Factorization,incorrect,0,Incorrect factor-pair selection,Incorrect factor-pair selection
S096,Q06,Factor: x² + 7x + 12,(x+2)(x+6),(x+3)(x+4),Mathematics,Algebra,Factorization,Factorization,incorrect,0,Incorrect factor-pair selection,Incorrect factor-pair selection
S096,Q07,Factor: x² - 9,(x-3)(x-3),(x+3)(x-3),Mathematics,Algebra,Factorization,Factorization,incorrect,0,Difference of squares confusion,Difference of squares confusion
S096,Q08,Factor: 2x² + 6x,x(2x+6),2x(x+3),Mathematics,Algebra,Factorization,Factorization,incorrect,0,Incomplete factoring,Incomplete factoring
S096,Q09,Solve: x² - 5x + 6 = 0,"x = 2, x = -3","x = 2, x = 3",Mathematics,Algebra,Quadratic Equations,Quadratic Equations,incorrect,0,Sign error in roots,Sign error in roots
S096,Q10,What is the discriminant of x² + 4x + 4 = 0?,16,0,Mathematics,Algebra,Quadratic Equations,Quadratic Equations,incorrect,0,Discriminant formula error,Discriminant formula error
S096,Q11,Solve: x² = 16,x = 8,"x = 4, x = -4",Mathematics,Algebra,Quadratic Equations,Quadratic Equations,incorrect,0,Missing negative root,Missing negative root
S096,Q12,Solve using quadratic formula: x² - 3x - 10 = 0,"x = -5, x = 2","x = 5, x = -2",Mathematics,Algebra,Quadratic Equations,Quadratic Equations,incorrect,0,Formula application error,Formula application error
S096,Q13,"If f(x) = 2x + 1, find f(3)",7,7,Mathematics,Functions,Functions,Functions,correct,1,,
S096,Q14,What is the domain of f(x) = 1/x?,All real numbers,All real numbers except 0,Mathematics,Functions,Functions,Functions,incorrect,0,Domain restriction oversight,Domain restriction oversight
S096,Q15,"If f(x) = x² and g(x) = x+1, find f(g(2))",6,9,Mathematics,Functions,Functions,Functions,incorrect,0,Composition order error,Composition order error
S096,Q16,Find the y-intercept of f(x) = 3x - 6,-6,-6,Mathematics,Functions,Functions,Functions,correct,1,,
S096,Q17,Solve: 2x + 3 > 7,x < 2,x > 2,Mathematics,Algebra,Inequalities,Inequalities,incorrect,0,Arithmetic error,Arithmetic error
S096,Q18,Solve: -3x < 9,x < 3,x > -3,Mathematics,Algebra,Inequalities,Inequalities,incorrect,0,Sign flip with negative division,Sign flip with negative division
S096,Q19,Solve: |x| ≤ 5,x = 5,-5 ≤ x ≤ 5,Mathematics,Algebra,Inequalities,Inequalities,incorrect,0,Absolute value misunderstanding,Absolute value misunderstanding
S096,Q20,Graph the solution: x ≥ -2,"Closed circle at -2, shade right","Closed circle at -2, shade right",Mathematics,Algebra,Inequalities,Inequalities,correct,1,,
S097,Q01,Solve for x: 2x + 4 = 10,x = 5,x = 3,Mathematics,Algebra,Linear Equations,Linear Equations,incorrect,0,Arithmetic error,Arithmetic error
S097,Q02,Solve for x: 3x - 6 = 9,x = 3,x = 5,Mathematics,Algebra,Linear Equations,Linear Equations,incorrect,0,Sign error,Sign error
S097,Q03,Solve for x: x/2 + 3 = 7,x = 2,x = 8,Mathematics,Algebra,Linear Equations,Linear Equations,incorrect,0,Order of operations,Order of operations
S097,Q04,Solve for x: 5x = 25,x = 30,x = 5,Mathematics,Algebra,Linear Equations,Linear Equations,incorrect,0,Division error,Division error
S097,Q05,Factor: x² + 5x + 6,(x+1)(x+6),(x+2)(x+3),Mathematics,Algebra,Factorization,Factorization,incorrect,0,Incorrect factor-pair selection,Incorrect factor-pair selection
S097,Q06,Factor: x² + 7x + 12,(x+4)(x+4),(x+3)(x+4),Mathematics,Algebra,Factorization,Factorization,incorrect,0,Incorrect factor-pair selection,Incorrect factor-pair selection
S097,Q07,Factor: x² - 9,(x-9)(x+1),(x+3)(x-3),Mathematics,Algebra,Factorization,Factorization,incorrect,0,Difference of squares confusion,Difference of squares confusion
S097,Q08,Factor: 2x² + 6x,x(2x+6),2x(x+3),Mathematics,Algebra,Factorization,Factorization,incorrect,0,Incomplete factoring,Incomplete factoring
S097,Q09,Solve: x² - 5x + 6 = 0,"x = -2, x = -3","x = 2, x = 3",Mathematics,Algebra,Quadratic Equations,Quadratic Equations,incorrect,0,Sign error in roots,Sign error in roots
S097,Q10,What is the discriminant of x² + 4x + 4 = 0?,0,0,Mathematics,Algebra,Quadratic Equations,Quadratic Equations,correct,1,,
S097,Q11,Solve: x² = 16,x = 4,"x = 4, x = -4",Mathematics,Algebra,Quadratic Equations,Quadratic Equations,incorrect,0,Missing negative root,Missing negative root
S097,Q12,Solve using quadratic formula: x² - 3x - 10 = 0,"x = -5, x = 2","x = 5, x = -2",Mathematics,Algebra,Quadratic Equations,Quadratic Equations,incorrect,0,Formula application error,Formula application error
S097,Q13,"If f(x) = 2x + 1, find f(3)",7,7,Mathematics,Functions,Functions,Functions,correct,1,,
S097,Q14,What is the domain of f(x) = 1/x?,All real numbers except 0,All real numbers except 0,Mathematics,Functions,Functions,Functions,correct,1,,
S097,Q15,"If f(x) = x² and g(x) = x+1, find f(g(2))",6,9,Mathematics,Functions,Functions,Functions,incorrect,0,Composition order error,Composition order error
S097,Q16,Find the y-intercept of f(x) = 3x - 6,3,-6,Mathematics,Functions,Functions,Functions,incorrect,0,Intercept identification error,Intercept identification error
S097,Q17,Solve: 2x + 3 > 7,x > 3.5,x > 2,Mathematics,Algebra,Inequalities,Inequalities,incorrect,0,Arithmetic error,Arithmetic error
S097,Q18,Solve: -3x < 9,x < -3,x > -3,Mathematics,Algebra,Inequalities,Inequalities,incorrect,0,Sign flip with negative division,Sign flip with negative division
S097,Q19,Solve: |x| ≤ 5,-5 ≤ x ≤ 5,-5 ≤ x ≤ 5,Mathematics,Algebra,Inequalities,Inequalities,correct,1,,
S097,Q20,Graph the solution: x ≥ -2,"Closed circle at -2, shade left","Closed circle at -2, shade right",Mathematics,Algebra,Inequalities,Inequalities,incorrect,0,Inequality symbol confusion,Inequality symbol confusion
S098,Q01,Solve for x: 2x + 4 = 10,x = 3,x = 3,Mathematics,Algebra,Linear Equations,Linear Equations,correct,1,,
S098,Q02,Solve for x: 3x - 6 = 9,x = 3,x = 5,Mathematics,Algebra,Linear Equations,Linear Equations,incorrect,0,Sign error,Sign error
S098,Q03,Solve for x: x/2 + 3 = 7,x = 8,x = 8,Mathematics,Algebra,Linear Equations,Linear Equations,correct,1,,
S098,Q04,Solve for x: 5x = 25,x = 5,x = 5,Mathematics,Algebra,Linear Equations,Linear Equations,correct,1,,
S098,Q05,Factor: x² + 5x + 6,(x+2)(x+3),(x+2)(x+3),Mathematics,Algebra,Factorization,Factorization,correct,1,,
S098,Q06,Factor: x² + 7x + 12,(x+3)(x+4),(x+3)(x+4),Mathematics,Algebra,Factorization,Factorization,correct,1,,
S098,Q07,Factor: x² - 9,(x+3)(x-3),(x+3)(x-3),Mathematics,Algebra,Factorization,Factorization,correct,1,,
S098,Q08,Factor: 2x² + 6x,x(2x+6),2x(x+3),Mathematics,Algebra,Factorization,Factorization,incorrect,0,Incomplete factoring,Incomplete factoring
S098,Q09,Solve: x² - 5x + 6 = 0,"x = -2, x = -3","x = 2, x = 3",Mathematics,Algebra,Quadratic Equations,Quadratic Equations,incorrect,0,Sign error in roots,Sign error in roots
S098,Q10,What is the discriminant of x² + 4x + 4 = 0?,16,0,Mathematics,Algebra,Quadratic Equations,Quadratic Equations,incorrect,0,Discriminant formula error,Discriminant formula error
S098,Q11,Solve: x² = 16,"x = 4, x = -4","x = 4, x = -4",Mathematics,Algebra,Quadratic Equations,Quadratic Equations,correct,1,,
S098,Q12,Solve using quadratic formula: x² - 3x - 10 = 0,"x = 5, x = -2","x = 5, x = -2",Mathematics,Algebra,Quadratic Equations,Quadratic Equations,correct,1,,
S098,Q13,"If f(x) = 2x + 1, find f(3)",7,7,Mathematics,Functions,Functions,Functions,correct,1,,
S098,Q14,What is the domain of f(x) = 1/x?,All real numbers except 0,All real numbers except 0,Mathematics,Functions,Functions,Functions,correct,1,,
S098,Q15,"If f(x) = x² and g(x) = x+1, find f(g(2))",9,9,Mathematics,Functions,Functions,Functions,correct,1,,
S098,Q16,Find the y-intercept of f(x) = 3x - 6,6,-6,Mathematics,Functions,Functions,Functions,incorrect,0,Intercept identification error,Intercept identification error
S098,Q17,Solve: 2x + 3 > 7,x > 2,x > 2,Mathematics,Algebra,Inequalities,Inequalities,correct,1,,
S098,Q18,Solve: -3x < 9,x > -3,x > -3,Mathematics,Algebra,Inequalities,Inequalities,correct,1,,
S098,Q19,Solve: |x| ≤ 5,x ≤ 5,-5 ≤ x ≤ 5,Mathematics,Algebra,Inequalities,Inequalities,incorrect,0,Absolute value misunderstanding,Absolute value misunderstanding
S098,Q20,Graph the solution: x ≥ -2,"Open circle at -2, shade right","Closed circle at -2, shade right",Mathematics,Algebra,Inequalities,Inequalities,incorrect,0,Inequality symbol confusion,Inequality symbol confusion
S099,Q01,Solve for x: 2x + 4 = 10,x = 3,x = 3,Mathematics,Algebra,Linear Equations,Linear Equations,correct,1,,
S099,Q02,Solve for x: 3x - 6 = 9,x = 3,x = 5,Mathematics,Algebra,Linear Equations,Linear Equations,incorrect,0,Sign error,Sign error
S099,Q03,Solve for x: x/2 + 3 = 7,x = 2,x = 8,Mathematics,Algebra,Linear Equations,Linear Equations,incorrect,0,Order of operations,Order of operations
S099,Q04,Solve for x: 5x = 25,x = 5,x = 5,Mathematics,Algebra,Linear Equations,Linear Equations,correct,1,,
S099,Q05,Factor: x² + 5x + 6,(x+2)(x+2),(x+2)(x+3),Mathematics,Algebra,Factorization,Factorization,incorrect,0,Incorrect factor-pair selection,Incorrect factor-pair selection
S099,Q06,Factor: x² + 7x + 12,(x+3)(x+4),(x+3)(x+4),Mathematics,Algebra,Factorization,Factorization,correct,1,,
S099,Q07,Factor: x² - 9,(x+9)(x-1),(x+3)(x-3),Mathematics,Algebra,Factorization,Factorization,incorrect,0,Difference of squares confusion,Difference of squares confusion
S099,Q08,Factor: 2x² + 6x,2(x²+3x),2x(x+3),Mathematics,Algebra,Factorization,Factorization,incorrect,0,Incomplete factoring,Incomplete factoring
S099,Q09,Solve: x² - 5x + 6 = 0,"x = 2, x = 3","x = 2, x = 3",Mathematics,Algebra,Quadratic Equations,Quadratic Equations,correct,1,,
S099,Q10,What is the discriminant of x² + 4x + 4 = 0?,16,0,Mathematics,Algebra,Quadratic Equations,Quadratic Equations,incorrect,0,Discriminant formula error,Discriminant formula error
S099,Q11,Solve: x² = 16,x = 256,"x = 4, x = -4",Mathematics,Algebra,Quadratic Equations,Quadratic Equations,incorrect,0,Missing negative root,Missing negative root
S099,Q12,Solve using quadratic formula: x² - 3x - 10 = 0,"x = 5, x = -2","x = 5, x = -2",Mathematics,Algebra,Quadratic Equations,Quadratic Equations,correct,1,,
S099,Q13,"If f(x) = 2x + 1, find f(3)",6,7,Mathematics,Functions,Functions,Functions,incorrect,0,Substitution error,Substitution error
S099,Q14,What is the domain of f(x) = 1/x?,x ≥ 0,All real numbers except 0,Mathematics,Functions,Functions,Functions,incorrect,0,Domain restriction oversight,Domain restriction oversight
S099,Q15,"If f(x) = x² and g(x) = x+1, find f(g(2))",6,9,Mathematics,Functions,Functions,Functions,incorrect,0,Composition order error,Composition order error
S099,Q16,Find the y-intercept of f(x) = 3x - 6,-6,-6,Mathematics,Functions,Functions,Functions,correct,1,,
S099,Q17,Solve: 2x + 3 > 7,x > 5,x > 2,Mathematics,Algebra,Inequalities,Inequalities,incorrect,0,Arithmetic error,Arithmetic error
S099,Q18,Solve: -3x < 9,x < 3,x > -3,Mathematics,Algebra,Inequalities,Inequalities,incorrect,0,Sign flip with negative division,Sign flip with negative division
S099,Q19,Solve: |x| ≤ 5,x ≥ -5,-5 ≤ x ≤ 5,Mathematics,Algebra,Inequalities,Inequalities,incorrect,0,Absolute value misunderstanding,Absolute value misunderstanding
S099,Q20,Graph the solution: x ≥ -2,"Closed circle at -2, shade right","Closed circle at -2, shade right",Mathematics,Algebra,Inequalities,Inequalities,correct,1,,
S100,Q01,Solve for x: 2x + 4 = 10,x = 3,x = 3,Mathematics,Algebra,Linear Equations,Linear Equations,correct,1,,
S100,Q02,Solve for x: 3x - 6 = 9,x = 5,x = 5,Mathematics,Algebra,Linear Equations,Linear Equations,correct,1,,
S100,Q03,Solve for x: x/2 + 3 = 7,x = 8,x = 8,Mathematics,Algebra,Linear Equations,Linear Equations,correct,1,,
S100,Q04,Solve for x: 5x = 25,x = 125,x = 5,Mathematics,Algebra,Linear Equations,Linear Equations,incorrect,0,Division error,Division error
S100,Q05,Factor: x² + 5x + 6,(x+2)(x+3),(x+2)(x+3),Mathematics,Algebra,Factorization,Factorization,correct,1,,
S100,Q06,Factor: x² + 7x + 12,(x+4)(x+4),(x+3)(x+4),Mathematics,Algebra,Factorization,Factorization,incorrect,0,Incorrect factor-pair selection,Incorrect factor-pair selection
S100,Q07,Factor: x² - 9,(x+3)(x-3),(x+3)(x-3),Mathematics,Algebra,Factorization,Factorization,correct,1,,
S100,Q08,Factor: 2x² + 6x,x(2x+6),2x(x+3),Mathematics,Algebra,Factorization,Factorization,incorrect,0,Incomplete factoring,Incomplete factoring
S100,Q09,Solve: x² - 5x + 6 = 0,"x = 2, x = 3","x = 2, x = 3",Mathematics,Algebra,Quadratic Equations,Quadratic Equations,correct,1,,
S100,Q10,What is the discriminant of x² + 4x + 4 = 0?,0,0,Mathematics,Algebra,Quadratic Equations,Quadratic Equations,correct,1,,
S100,Q11,Solve: x² = 16,x = 4,"x = 4, x = -4",Mathematics,Algebra,Quadratic Equations,Quadratic Equations,incorrect,0,Missing negative root,Missing negative root
S100,Q12,Solve using quadratic formula: x² - 3x - 10 = 0,"x = 5, x = -2","x = 5, x = -2",Mathematics,Algebra,Quadratic Equations,Quadratic Equations,correct,1,,
S100,Q13,"If f(x) = 2x + 1, find f(3)",6,7,Mathematics,Functions,Functions,Functions,incorrect,0,Substitution error,Substitution error
S100,Q14,What is the domain of f(x) = 1/x?,All real numbers except 0,All real numbers except 0,Mathematics,Functions,Functions,Functions,correct,1,,
S100,Q15,"If f(x) = x² and g(x) = x+1, find f(g(2))",9,9,Mathematics,Functions,Functions,Functions,correct,1,,
S100,Q16,Find the y-intercept of f(x) = 3x - 6,3,-6,Mathematics,Functions,Functions,Functions,incorrect,0,Intercept identification error,Intercept identification error
S100,Q17,Solve: 2x + 3 > 7,x > 2,x > 2,Mathematics,Algebra,Inequalities,Inequalities,correct,1,,
S100,Q18,Solve: -3x < 9,x > -3,x > -3,Mathematics,Algebra,Inequalities,Inequalities,correct,1,,
S100,Q19,Solve: |x| ≤ 5,-5 ≤ x ≤ 5,-5 ≤ x ≤ 5,Mathematics,Algebra,Inequalities,Inequalities,correct,1,,
S100,Q20,Graph the solution: x ≥ -2,"Open circle at -2, shade right","Closed circle at -2, shade right",Mathematics,Algebra,Inequalities,Inequalities,incorrect,0,Inequality symbol confusion,Inequality symbol confusion
